SOL m=8 spokes=1,13,2,7,4,22,30,14 rims=9,10,15,26,12,28,11,33
SOL m=8 spokes=1,7,2,9,4,13,31,21 rims=8,18,24,19,17,27,12,29
SOL m=8 spokes=1,17,2,15,4,18,9,23 rims=7,22,12,31,8,28,14,30
SOL m=8 spokes=1,6,2,4,7,17,35,26 rims=11,14,15,12,22,16,24,20
SOL m=8 spokes=1,12,2,10,6,14,32,29 rims=4,9,21,19,17,20,5,23
SOL m=8 spokes=1,5,2,12,6,14,22,30 rims=4,21,18,20,9,31,10,33
SOL m=8 spokes=1,13,2,17,9,24,19,14 rims=4,29,6,34,8,7,5,39
SOL m=8 spokes=1,4,2,10,5,25,32,13 rims=8,16,28,12,19,20,21,22
SOL m=8 spokes=1,8,2,5,9,18,33,22 rims=4,12,25,14,7,29,15,28
SOL m=8 spokes=1,8,2,6,9,25,34,13 rims=4,16,23,18,12,32,5,24
SOL m=8 spokes=1,10,2,4,6,18,34,23 rims=9,12,31,11,26,13,17,15
SOL m=8 spokes=1,17,2,15,9,23,4,18 rims=7,22,12,31,8,28,14,30
SOL m=8 spokes=1,10,2,4,6,26,33,15 rims=9,13,18,24,20,12,11,29
SOL m=8 spokes=1,15,2,16,4,26,8,18 rims=7,29,11,21,14,25,13,30
SOL m=8 spokes=1,7,2,8,4,21,30,12 rims=10,25,18,24,17,27,13,26
SOL m=8 spokes=1,10,2,8,5,12,33,19 rims=4,26,11,25,17,23,16,28
SOL m=8 spokes=1,5,2,6,8,24,33,12 rims=4,23,19,21,22,15,16,28
SOL m=8 spokes=1,20,2,21,7,15,12,23 rims=4,6,34,5,26,11,18,24
SOL m=8 spokes=1,16,2,8,10,17,13,20 rims=4,27,5,38,6,34,7,35
SOL m=8 spokes=1,10,2,4,6,22,34,15 rims=9,18,12,31,11,28,13,20
SOL m=8 spokes=1,13,2,15,9,6,24,29 rims=4,23,20,14,18,12,5,36
SOL m=8 spokes=1,14,2,15,11,4,21,26 rims=7,20,24,10,33,9,8,31
SOL m=8 spokes=1,5,2,14,16,6,24,28 rims=4,31,12,27,10,13,9,32
SOL m=8 spokes=1,6,2,8,10,18,34,21 rims=4,13,28,15,7,25,5,33
SOL m=8 spokes=1,21,2,19,9,16,4,22 rims=7,26,8,28,14,15,12,32
SOL m=8 spokes=1,4,2,5,16,34,27,8 rims=7,15,26,11,14,19,21,23
SOL m=8 spokes=1,21,2,6,10,13,16,23 rims=4,20,8,32,9,30,5,38
SOL m=8 spokes=1,11,2,9,4,12,28,31 rims=7,18,8,16,22,19,17,27
SOL m=8 spokes=1,7,2,9,11,20,32,17 rims=4,31,5,25,15,8,6,38
SOL m=8 spokes=1,14,2,26,21,4,11,15 rims=7,9,33,10,24,20,8,31
SOL m=8 spokes=1,16,2,14,11,8,17,21 rims=4,36,7,34,5,20,6,38
SOL m=8 spokes=1,16,2,8,13,20,10,17 rims=4,27,5,38,6,34,7,35
SOL m=8 spokes=1,21,2,15,4,17,8,22 rims=7,27,13,20,11,30,14,28
SOL m=8 spokes=1,4,2,5,16,35,26,8 rims=7,14,15,23,11,22,19,25
SOL m=8 spokes=1,16,2,20,23,11,6,17 rims=4,14,30,5,10,32,9,34
SOL m=8 spokes=1,4,2,13,18,30,23,8 rims=5,28,11,29,6,9,7,37
SOL m=8 spokes=1,8,2,11,5,28,33,15 rims=4,10,22,9,18,24,16,21
SOL m=8 spokes=1,9,2,7,28,24,4,10 rims=14,22,18,21,23,20,15,27
SOL m=8 spokes=1,12,2,6,24,28,8,15 rims=4,19,22,13,31,11,5,33
SOL m=8 spokes=1,11,2,8,5,12,27,31 rims=4,17,24,10,15,22,18,26
SOL m=8 spokes=1,19,2,8,16,23,13,20 rims=4,6,34,7,5,33,11,26
SOL m=8 spokes=1,7,2,28,23,4,8,14 rims=12,22,19,20,13,27,17,26
SOL m=8 spokes=1,11,2,20,28,6,12,16 rims=4,15,9,25,10,33,5,37
SOL m=8 spokes=1,4,2,22,34,17,7,10 rims=5,20,13,15,16,24,6,37
SOL m=8 spokes=1,12,2,29,31,5,9,13 rims=4,20,8,19,16,23,14,22
SOL m=8 spokes=1,8,2,15,35,25,4,9 rims=7,14,18,13,28,10,20,22
SOL m=8 spokes=1,7,3,15,5,10,27,26 rims=2,18,21,19,24,14,9,35
SOL m=8 spokes=1,12,3,14,5,10,29,28 rims=2,7,20,16,19,18,21,23
SOL m=8 spokes=1,2,3,10,5,13,31,25 rims=9,17,22,21,19,18,24,20
SOL m=8 spokes=1,7,2,21,30,12,4,8 rims=9,26,18,24,17,23,16,27
SOL m=8 spokes=1,11,2,31,25,4,8,12 rims=7,21,13,17,24,20,18,22
SOL m=8 spokes=1,19,2,8,13,20,16,23 rims=4,6,34,7,5,33,11,26
SOL m=8 spokes=1,12,3,14,5,10,29,28 rims=2,19,20,16,7,18,9,35
SOL m=8 spokes=1,14,2,27,24,5,9,16 rims=4,13,29,15,22,12,8,31
SOL m=8 spokes=1,15,2,16,11,7,19,25 rims=4,10,18,24,5,38,6,33
SOL m=8 spokes=1,16,2,14,17,20,11,24 rims=4,5,32,7,35,8,23,6
SOL m=8 spokes=1,13,3,15,5,11,20,27 rims=2,34,9,22,19,10,7,37
SOL m=8 spokes=1,7,2,12,30,21,4,8 rims=9,26,14,25,18,24,17,27
SOL m=8 spokes=1,2,3,13,6,16,20,25 rims=5,32,11,24,12,30,10,34
SOL m=8 spokes=1,10,2,7,29,25,4,13 rims=9,12,24,19,22,18,16,28
SOL m=8 spokes=1,12,2,31,26,5,9,13 rims=4,19,22,20,14,16,8,29
SOL m=8 spokes=1,2,3,5,8,13,25,29 rims=12,23,17,21,22,19,20,24
SOL m=8 spokes=1,8,2,22,27,9,12,16 rims=4,15,6,26,7,37,5,36
SOL m=8 spokes=1,6,2,14,31,28,10,7 rims=4,19,17,8,18,22,5,39
SOL m=8 spokes=1,9,3,5,7,19,31,18 rims=2,13,26,17,12,30,11,33
SOL m=8 spokes=1,11,2,9,31,28,4,12 rims=7,18,8,16,22,19,17,27
SOL m=8 spokes=1,10,3,12,5,27,31,11 rims=2,17,9,20,24,18,7,33
SOL m=8 spokes=1,2,3,5,8,24,30,12 rims=13,21,22,18,19,23,16,28
SOL m=8 spokes=1,13,3,10,6,14,25,30 rims=2,16,5,34,8,29,12,20
SOL m=8 spokes=1,14,3,5,9,15,21,28 rims=2,11,27,17,8,32,7,34
SOL m=8 spokes=1,7,3,9,5,18,35,23 rims=2,13,11,22,17,20,14,29
SOL m=8 spokes=1,2,3,18,9,13,26,21 rims=5,17,8,33,7,36,6,32
SOL m=8 spokes=1,9,3,15,10,22,29,18 rims=2,5,12,14,6,35,8,34
SOL m=8 spokes=1,11,3,14,6,20,29,13 rims=2,26,12,10,8,36,5,37
SOL m=8 spokes=1,7,3,9,5,18,33,23 rims=2,11,24,15,29,14,17,20
SOL m=8 spokes=1,2,3,5,10,26,33,15 rims=8,14,30,9,23,19,21,16
SOL m=8 spokes=1,2,3,5,10,18,32,26 rims=8,9,15,25,14,27,16,22
SOL m=8 spokes=1,2,3,5,8,16,31,22 rims=12,14,23,20,15,29,13,28
SOL m=8 spokes=1,14,3,16,12,7,19,25 rims=2,9,18,24,5,38,6,34
SOL m=8 spokes=1,17,3,13,15,8,26,20 rims=2,5,19,12,10,34,6,36
SOL m=8 spokes=1,2,3,12,5,16,32,24 rims=9,22,20,23,15,10,11,30
SOL m=8 spokes=1,16,3,25,11,7,18,17 rims=2,13,9,30,5,31,6,38
SOL m=8 spokes=1,9,3,12,14,7,27,26 rims=2,20,24,18,25,6,5,32
SOL m=8 spokes=1,18,3,12,16,20,25,24 rims=2,8,7,22,9,5,6,33
SOL m=8 spokes=1,11,2,8,31,27,5,12 rims=4,17,24,10,15,22,18,26
SOL m=8 spokes=1,13,3,5,11,16,27,20 rims=2,8,34,9,26,15,7,37
SOL m=8 spokes=1,5,3,7,18,35,26,6 rims=2,14,20,17,22,10,15,28
SOL m=8 spokes=1,8,2,15,35,25,4,9 rims=7,14,28,13,18,20,10,22
SOL m=8 spokes=1,2,3,11,17,32,25,5 rims=6,15,29,10,31,9,14,24
SOL m=8 spokes=1,9,3,13,26,31,7,12 rims=2,17,11,30,6,18,5,37
SOL m=8 spokes=1,2,3,11,6,14,33,26 rims=5,19,23,18,20,10,21,22
SOL m=8 spokes=1,13,3,16,11,5,27,20 rims=2,32,10,9,26,15,7,37
SOL m=8 spokes=1,14,3,16,12,7,19,25 rims=2,34,9,18,24,5,6,38
SOL m=8 spokes=1,2,3,22,28,5,11,16 rims=9,25,15,20,17,26,10,32
SOL m=8 spokes=1,10,3,12,31,27,5,11 rims=2,16,9,20,24,19,7,33
SOL m=8 spokes=1,17,3,19,6,15,25,24 rims=2,12,10,11,29,8,5,33
SOL m=8 spokes=1,16,3,18,21,25,11,17 rims=2,5,10,13,31,9,30,6
SOL m=8 spokes=1,10,3,24,28,17,11,16 rims=2,7,15,8,5,37,6,30
SOL m=8 spokes=1,2,3,28,23,6,12,16 rims=5,31,11,21,20,17,10,33
SOL m=8 spokes=1,2,3,26,32,17,10,5 rims=6,15,29,9,14,25,16,24
SOL m=8 spokes=1,2,3,9,30,25,5,13 rims=12,17,20,19,21,23,18,24
SOL m=8 spokes=1,5,3,7,26,34,17,6 rims=2,14,19,23,21,15,10,28
SOL m=8 spokes=1,5,3,7,27,35,17,6 rims=2,19,15,10,16,23,14,29
SOL m=8 spokes=1,2,3,25,32,17,11,5 rims=6,15,9,31,10,28,16,23
SOL m=8 spokes=1,17,3,18,20,8,13,24 rims=2,10,5,34,6,22,7,36
SOL m=8 spokes=1,2,3,9,30,25,5,13 rims=12,17,23,19,18,21,20,24
SOL m=8 spokes=1,10,3,12,5,27,31,11 rims=2,17,18,7,33,9,20,24
SOL m=8 spokes=1,16,3,23,9,14,19,18 rims=2,6,38,5,26,7,29,11
SOL m=8 spokes=1,5,3,8,11,27,33,15 rims=2,22,7,10,21,19,6,37
SOL m=8 spokes=1,2,3,15,33,27,7,11 rims=5,18,21,20,12,31,6,19
SOL m=8 spokes=1,8,4,13,2,11,28,31 rims=7,16,22,18,25,9,17,20
SOL m=8 spokes=1,10,3,30,25,6,12,14 rims=2,19,8,33,5,18,11,32
SOL m=8 spokes=1,16,3,18,21,25,11,17 rims=2,5,31,13,10,30,9,6
SOL m=8 spokes=1,2,3,9,30,25,5,13 rims=12,17,23,21,20,19,18,24
SOL m=8 spokes=1,5,3,18,34,26,7,6 rims=2,14,28,15,21,17,13,20
SOL m=8 spokes=1,5,3,25,35,18,7,6 rims=2,14,20,13,15,22,17,27
SOL m=8 spokes=1,2,3,24,31,17,11,5 rims=6,10,30,9,28,15,23,21
SOL m=8 spokes=1,10,4,8,2,16,34,21 rims=7,15,13,27,14,19,11,32
SOL m=8 spokes=1,16,4,8,6,13,27,26 rims=2,18,19,25,11,12,3,38
SOL m=8 spokes=1,2,4,8,11,17,31,26 rims=3,24,16,7,22,14,6,38
SOL m=8 spokes=1,10,4,14,12,7,27,26 rims=2,18,25,19,23,6,3,32
SOL m=8 spokes=1,20,4,7,13,22,11,21 rims=2,30,6,10,9,35,3,37
SOL m=8 spokes=1,21,4,18,10,16,23,22 rims=2,6,3,12,13,29,7,28
SOL m=8 spokes=1,9,3,6,27,23,11,16 rims=2,31,10,34,8,13,5,35
SOL m=8 spokes=1,21,4,17,2,15,8,22 rims=7,27,13,20,11,30,14,28
SOL m=8 spokes=1,2,3,5,17,32,21,8 rims=9,27,14,29,15,16,12,30
SOL m=8 spokes=1,3,4,6,26,36,17,8 rims=2,22,16,19,13,15,10,31
SOL m=8 spokes=1,6,4,2,11,24,33,16 rims=7,14,29,13,23,9,10,31
SOL m=8 spokes=1,8,4,2,15,34,29,9 rims=6,20,12,27,14,7,18,22
SOL m=8 spokes=1,6,4,9,7,18,35,25 rims=2,14,23,3,17,21,12,28
SOL m=8 spokes=1,10,4,7,12,14,31,30 rims=2,9,27,6,19,20,3,26
SOL m=8 spokes=1,2,3,5,17,32,21,8 rims=9,27,15,16,12,29,14,30
SOL m=8 spokes=1,15,4,26,8,18,2,16 rims=7,29,11,21,14,25,13,30
SOL m=8 spokes=1,5,3,7,27,35,17,6 rims=2,19,15,16,10,29,14,23
SOL m=8 spokes=1,2,4,22,35,16,6,9 rims=3,27,15,19,21,12,14,29
SOL m=8 spokes=1,8,4,26,29,2,15,9 rims=7,14,25,18,22,20,12,24
SOL m=8 spokes=1,13,4,6,8,10,30,29 rims=2,22,18,26,15,17,3,25
SOL m=8 spokes=1,14,5,12,3,10,29,28 rims=2,7,20,16,19,18,21,23
SOL m=8 spokes=1,2,3,5,17,31,21,10 rims=8,29,11,28,14,16,9,35
SOL m=8 spokes=1,15,5,13,3,11,20,27 rims=2,34,9,22,19,10,7,37
SOL m=8 spokes=1,4,5,9,7,29,35,14 rims=2,20,17,15,16,25,3,24
SOL m=8 spokes=1,6,4,24,27,8,16,15 rims=2,11,7,34,10,26,3,35
SOL m=8 spokes=1,7,4,10,23,33,21,9 rims=2,18,8,6,29,12,3,36
SOL m=8 spokes=1,19,5,14,3,12,20,24 rims=2,9,32,10,30,7,28,16
SOL m=8 spokes=1,2,3,5,17,31,21,11 rims=8,29,12,15,10,30,9,35
SOL m=8 spokes=1,13,5,17,9,7,27,16 rims=2,35,3,31,11,15,4,39
SOL m=8 spokes=1,2,4,15,34,27,7,10 rims=3,20,6,18,21,19,13,30
SOL m=8 spokes=1,3,4,6,17,36,26,8 rims=2,22,16,19,15,13,10,31
SOL m=8 spokes=1,3,4,7,26,32,16,11 rims=2,22,9,12,13,28,6,38
SOL m=8 spokes=1,14,5,18,10,2,26,23 rims=4,13,29,9,12,22,8,35
SOL m=8 spokes=1,7,5,11,15,3,29,28 rims=2,19,23,9,17,24,13,25
SOL m=8 spokes=1,6,4,2,9,26,33,12 rims=7,17,23,20,11,25,19,22
SOL m=8 spokes=1,14,5,12,3,10,29,28 rims=2,19,20,16,7,18,9,35
SOL m=8 spokes=1,19,5,15,12,23,21,20 rims=2,7,37,4,10,8,3,27
SOL m=8 spokes=1,4,5,7,9,15,35,23 rims=2,24,17,12,25,18,3,31
SOL m=8 spokes=1,19,5,21,7,13,10,23 rims=2,35,3,24,9,16,4,39
SOL m=8 spokes=1,3,5,8,25,35,19,7 rims=2,14,23,18,21,13,4,29
SOL m=8 spokes=1,4,5,22,27,16,7,14 rims=2,35,9,24,15,10,3,40
SOL m=8 spokes=1,19,5,13,17,15,25,24 rims=2,8,3,4,23,12,9,31
SOL m=8 spokes=1,3,5,8,25,34,13,7 rims=2,20,24,19,17,23,4,29
SOL m=8 spokes=1,7,4,9,11,13,33,19 rims=2,25,6,35,8,21,3,36
SOL m=8 spokes=1,4,5,9,14,35,29,7 rims=2,20,17,24,8,23,3,25
SOL m=8 spokes=1,9,5,13,18,31,15,12 rims=2,8,26,3,35,7,4,37
SOL m=8 spokes=1,6,4,26,24,8,16,15 rims=2,29,7,11,33,10,3,35
SOL m=8 spokes=1,3,5,17,30,22,11,4 rims=2,13,24,19,10,32,8,36
SOL m=8 spokes=1,9,4,13,17,23,2,16 rims=7,28,12,31,10,34,8,30
SOL m=8 spokes=1,12,6,16,2,18,20,23 rims=4,5,33,10,27,13,31,11
SOL m=8 spokes=1,3,5,24,28,8,16,15 rims=2,12,10,26,4,34,7,35
SOL m=8 spokes=1,3,5,8,25,35,19,7 rims=2,21,13,16,17,14,4,37
SOL m=8 spokes=1,3,5,17,33,25,10,4 rims=2,12,32,8,23,16,19,22
SOL m=8 spokes=1,3,5,7,27,34,17,9 rims=2,11,15,23,19,21,4,29
SOL m=8 spokes=1,10,5,30,28,7,14,11 rims=2,20,23,3,32,4,9,25
SOL m=8 spokes=1,11,6,4,8,12,29,20 rims=2,34,10,17,21,22,3,39
SOL m=8 spokes=1,11,6,12,3,15,32,25 rims=2,17,24,5,34,8,10,20
SOL m=8 spokes=1,15,5,20,25,3,12,19 rims=2,9,7,29,14,28,10,31
SOL m=8 spokes=1,15,6,2,4,12,20,28 rims=8,23,16,25,11,33,9,29
SOL m=8 spokes=1,13,5,27,20,2,11,17 rims=4,14,9,32,10,26,8,35
SOL m=8 spokes=1,11,6,16,8,28,24,15 rims=2,10,3,33,5,37,4,18
SOL m=8 spokes=1,8,6,12,3,25,16,15 rims=2,32,10,29,14,30,5,36
SOL m=8 spokes=1,10,5,7,27,29,14,13 rims=2,9,35,3,22,4,12,31
SOL m=8 spokes=1,3,5,14,36,26,8,7 rims=2,23,19,16,18,20,4,28
SOL m=8 spokes=1,13,6,3,9,11,31,30 rims=2,19,23,5,20,18,8,27
SOL m=8 spokes=1,2,6,3,8,27,36,16 rims=11,15,17,23,12,13,21,20
SOL m=8 spokes=1,18,6,16,9,20,13,24 rims=2,23,5,32,3,8,4,39
SOL m=8 spokes=1,8,6,3,9,25,34,13 rims=2,18,5,24,12,27,14,30
SOL m=8 spokes=1,4,5,8,27,34,16,10 rims=2,11,19,22,7,33,3,23
SOL m=8 spokes=1,5,6,10,8,24,32,12 rims=2,19,16,28,3,23,4,39
SOL m=8 spokes=1,16,6,3,17,8,26,22 rims=2,10,31,13,21,15,5,35
SOL m=8 spokes=1,11,6,28,20,2,16,12 rims=4,15,9,25,10,33,5,37
SOL m=8 spokes=1,21,6,11,19,3,16,23 rims=2,13,5,31,8,33,10,28
SOL m=8 spokes=1,8,6,25,16,12,3,15 rims=2,32,10,29,14,30,5,36
SOL m=8 spokes=1,19,5,16,23,13,21,20 rims=2,8,7,34,4,27,3,9
SOL m=8 spokes=1,10,6,14,2,26,29,11 rims=4,5,28,16,18,20,22,19
SOL m=8 spokes=1,8,6,28,26,3,16,15 rims=2,10,20,13,25,14,5,35
SOL m=8 spokes=1,15,6,21,12,23,4,20 rims=2,28,11,3,34,8,9,31
SOL m=8 spokes=1,8,6,2,13,34,25,9 rims=4,16,23,18,12,32,5,24
SOL m=8 spokes=1,2,6,10,27,34,15,3 rims=4,14,24,8,23,20,19,22
SOL m=8 spokes=1,5,6,23,26,14,12,16 rims=2,8,33,3,40,4,25,9
SOL m=8 spokes=1,5,6,25,33,17,3,10 rims=2,12,29,11,20,24,13,19
SOL m=8 spokes=1,13,6,25,27,18,9,17 rims=2,3,11,21,8,12,4,37
SOL m=8 spokes=1,11,5,3,12,15,24,28 rims=2,7,30,8,34,10,22,19
SOL m=8 spokes=1,5,2,7,9,15,30,19 rims=4,25,18,23,13,27,6,38
SOL m=8 spokes=1,8,5,3,9,28,34,13 rims=2,24,20,12,7,23,15,25
SOL m=8 spokes=1,8,6,13,10,27,31,9 rims=2,3,26,12,30,4,20,23
SOL m=8 spokes=1,17,7,13,4,2,27,22 rims=6,12,25,16,20,23,10,32
SOL m=8 spokes=1,2,6,3,15,34,26,8 rims=9,13,25,18,12,19,20,24
SOL m=8 spokes=1,21,6,11,19,3,16,23 rims=2,13,5,33,10,31,8,28
SOL m=8 spokes=1,2,7,13,10,18,22,26 rims=3,6,34,4,37,5,16,27
SOL m=8 spokes=1,8,6,31,27,13,10,9 rims=2,3,26,12,30,4,20,23
SOL m=8 spokes=1,18,6,3,24,9,13,20 rims=2,33,8,32,11,17,5,34
SOL m=8 spokes=1,9,7,3,10,13,34,29 rims=2,21,6,18,15,25,5,26
SOL m=8 spokes=1,13,7,14,9,11,19,30 rims=2,3,31,4,17,23,6,36
SOL m=8 spokes=1,9,7,2,5,28,31,13 rims=4,17,25,19,24,10,16,23
SOL m=8 spokes=1,17,7,11,14,2,25,27 rims=4,16,6,18,5,30,10,33
SOL m=8 spokes=1,9,7,18,13,3,24,23 rims=2,15,28,11,5,29,6,38
SOL m=8 spokes=1,4,7,10,5,31,29,13 rims=2,25,15,22,21,3,16,26
SOL m=8 spokes=1,6,7,11,3,29,31,15 rims=2,14,13,28,5,19,20,23
SOL m=8 spokes=1,11,7,13,9,30,27,12 rims=2,3,29,15,18,17,22,4
SOL m=8 spokes=1,13,7,10,5,15,31,14 rims=2,33,4,30,9,17,3,40
SOL m=8 spokes=1,9,7,18,13,3,24,23 rims=2,15,29,6,28,11,5,38
SOL m=8 spokes=1,9,7,3,14,25,30,10 rims=2,18,11,16,6,36,5,38
SOL m=8 spokes=1,9,7,15,10,13,25,29 rims=2,3,27,4,37,6,12,21
SOL m=8 spokes=1,6,7,14,11,28,25,16 rims=2,19,5,4,33,10,3,38
SOL m=8 spokes=1,5,6,31,21,11,9,13 rims=2,35,3,20,8,25,4,39
SOL m=8 spokes=1,6,7,12,10,29,27,14 rims=2,3,22,9,23,15,4,40
SOL m=8 spokes=1,11,7,4,22,30,2,14 rims=10,17,26,16,19,20,12,28
SOL m=8 spokes=1,4,7,26,28,15,5,10 rims=2,11,23,20,24,18,3,37
SOL m=8 spokes=1,19,7,22,24,10,14,20 rims=2,3,34,6,12,4,9,26
SOL m=8 spokes=1,4,7,18,30,20,10,5 rims=2,13,16,26,6,33,3,41
SOL m=8 spokes=1,9,7,2,5,29,32,13 rims=4,21,23,17,10,16,19,24
SOL m=8 spokes=1,14,7,12,2,17,20,23 rims=4,6,36,5,33,11,28,15
SOL m=8 spokes=1,18,8,10,4,6,26,25 rims=2,13,19,21,17,20,3,39
SOL m=8 spokes=1,9,7,5,21,34,11,10 rims=2,23,3,24,13,29,4,36
SOL m=8 spokes=1,16,6,21,26,14,18,17 rims=2,8,5,36,4,25,3,9
SOL m=8 spokes=1,16,8,19,5,10,23,17 rims=2,12,3,40,4,34,7,30
SOL m=8 spokes=1,18,6,14,10,23,21,20 rims=2,3,9,4,36,8,25,17
SOL m=8 spokes=1,10,8,6,12,27,24,11 rims=2,3,39,4,14,26,15,29
SOL m=8 spokes=1,14,8,2,12,17,22,27 rims=4,6,37,5,33,7,21,11
SOL m=8 spokes=1,12,6,24,29,2,4,15 rims=9,13,19,18,20,23,11,31
SOL m=8 spokes=1,2,7,13,17,3,20,23 rims=6,28,11,31,12,32,9,29
SOL m=8 spokes=1,14,8,20,3,24,15,19 rims=2,10,30,7,6,36,5,26
SOL m=8 spokes=1,16,8,18,6,20,25,24 rims=2,3,10,17,12,11,4,35
SOL m=8 spokes=1,12,8,16,6,23,26,13 rims=2,3,37,4,11,33,10,20
SOL m=8 spokes=1,5,8,12,15,6,21,19 rims=2,28,10,32,3,40,4,37
SOL m=8 spokes=1,2,8,10,16,31,27,5 rims=3,19,6,38,4,26,14,20
SOL m=8 spokes=1,13,7,4,24,29,15,14 rims=2,9,32,3,20,6,34,10
SOL m=8 spokes=1,3,7,10,30,25,14,9 rims=2,18,4,23,6,36,5,38
SOL m=8 spokes=1,17,8,6,19,4,25,24 rims=2,13,22,16,18,11,3,37
SOL m=8 spokes=1,12,8,6,16,13,26,23 rims=2,3,37,4,11,33,10,20
SOL m=8 spokes=1,6,7,3,32,28,10,12 rims=2,22,14,23,20,21,5,25
SOL m=8 spokes=1,13,7,29,24,4,15,14 rims=2,10,9,32,3,20,6,34
SOL m=8 spokes=1,15,8,4,12,2,29,24 rims=7,16,18,22,21,14,11,31
SOL m=8 spokes=1,11,8,14,18,2,20,22 rims=4,35,7,5,27,17,6,37
SOL m=8 spokes=1,2,7,3,21,33,17,9 rims=6,26,13,14,29,15,10,31
SOL m=8 spokes=1,7,8,15,27,29,5,11 rims=2,21,4,39,3,14,10,31
SOL m=8 spokes=1,10,8,6,12,17,29,26 rims=2,19,5,28,3,11,4,40
SOL m=8 spokes=1,5,8,12,15,6,26,24 rims=2,19,3,25,10,33,4,40
SOL m=8 spokes=1,11,8,14,20,2,18,22 rims=4,35,5,7,27,17,6,37
SOL m=8 spokes=1,2,8,13,32,28,3,10 rims=6,19,7,24,20,17,22,21
SOL m=8 spokes=1,5,8,24,32,12,6,10 rims=2,19,16,28,3,23,4,39
SOL m=8 spokes=1,16,7,10,20,12,24,23 rims=2,4,37,5,9,29,3,15
SOL m=8 spokes=1,3,8,11,28,32,16,10 rims=2,4,22,15,5,34,7,23
SOL m=8 spokes=1,7,8,15,33,29,5,10 rims=2,19,23,4,28,3,11,24
SOL m=8 spokes=1,5,8,24,33,12,2,6 rims=4,23,19,21,22,15,16,28
SOL m=8 spokes=1,10,8,25,33,12,6,11 rims=2,15,3,27,5,24,4,38
SOL m=8 spokes=1,14,9,7,2,19,30,15 rims=4,23,13,12,6,35,5,38
SOL m=8 spokes=1,2,7,3,21,33,17,9 rims=6,26,15,10,29,14,13,31
SOL m=8 spokes=1,15,8,11,17,13,22,27 rims=2,4,16,3,7,36,5,29
SOL m=8 spokes=1,18,9,15,4,23,2,21 rims=7,19,12,28,14,29,8,27
SOL m=8 spokes=1,16,8,14,21,27,18,17 rims=2,5,6,36,4,20,3,10
SOL m=8 spokes=1,2,9,3,6,28,33,16 rims=11,12,20,21,17,26,14,13
SOL m=8 spokes=1,13,7,15,30,5,10,14 rims=2,22,4,35,3,33,9,32
SOL m=8 spokes=1,12,8,4,24,29,2,15 rims=7,13,21,22,18,17,11,31
SOL m=8 spokes=1,11,9,2,6,31,28,12 rims=4,20,5,36,8,19,16,22
SOL m=8 spokes=1,4,8,27,32,12,2,11 rims=5,17,24,18,7,30,14,21
SOL m=8 spokes=1,5,9,3,6,16,35,23 rims=2,20,14,13,24,18,12,31
SOL m=8 spokes=1,10,8,5,27,24,13,12 rims=2,31,7,4,26,16,3,41
SOL m=8 spokes=1,16,8,24,11,14,20,18 rims=2,3,4,13,10,33,6,35
SOL m=8 spokes=1,2,9,3,11,15,28,23 rims=6,21,19,14,8,36,7,35
SOL m=8 spokes=1,4,9,2,11,23,33,17 rims=5,13,16,14,8,31,7,36
SOL m=8 spokes=1,11,8,16,24,22,2,20 rims=4,15,14,7,5,34,6,37
SOL m=8 spokes=1,17,9,4,13,25,7,19 rims=2,33,6,31,12,15,3,38
SOL m=8 spokes=1,8,9,6,3,18,35,22 rims=2,21,13,16,17,15,5,37
SOL m=8 spokes=1,11,9,6,3,15,29,28 rims=2,20,13,5,36,8,19,23
SOL m=8 spokes=1,18,9,12,16,14,19,24 rims=2,4,3,8,21,22,5,39
SOL m=8 spokes=1,12,9,30,26,7,2,13 rims=4,17,6,18,15,29,5,36
SOL m=8 spokes=1,6,8,18,15,4,26,25 rims=2,35,7,13,17,11,3,36
SOL m=8 spokes=1,5,9,14,31,20,2,8 rims=4,23,12,26,18,24,6,37
SOL m=8 spokes=1,5,9,2,27,29,12,6 rims=4,19,18,25,16,24,20,22
SOL m=8 spokes=1,18,8,16,19,14,5,25 rims=2,10,26,3,28,7,4,38
SOL m=8 spokes=1,14,9,17,23,27,12,16 rims=2,6,5,15,19,3,4,38
SOL m=8 spokes=1,5,9,15,13,2,24,21 rims=4,28,12,19,8,35,6,38
SOL m=8 spokes=1,2,9,15,28,23,3,11 rims=6,21,19,14,8,36,7,35
SOL m=8 spokes=1,8,9,16,18,12,14,25 rims=2,29,6,5,39,3,4,36
SOL m=8 spokes=1,5,9,3,6,18,35,25 rims=2,12,20,22,17,16,13,24
SOL m=8 spokes=1,15,10,5,3,7,29,28 rims=2,19,23,14,27,9,16,24
SOL m=8 spokes=1,13,8,17,14,11,25,23 rims=2,5,16,4,6,29,3,41
SOL m=8 spokes=1,6,9,12,16,2,23,28 rims=4,15,21,20,7,26,5,38
SOL m=8 spokes=1,4,9,27,32,13,2,12 rims=5,15,23,7,35,8,18,19
SOL m=8 spokes=1,4,10,2,13,32,25,5 rims=8,16,28,12,19,20,21,22
SOL m=8 spokes=1,3,9,27,35,15,5,4 rims=2,20,21,12,17,26,11,23
SOL m=8 spokes=1,12,9,17,7,14,21,27 rims=2,4,20,5,37,3,32,11
SOL m=8 spokes=1,6,10,3,13,15,26,28 rims=2,22,8,12,5,37,7,33
SOL m=8 spokes=1,14,10,7,17,5,25,23 rims=2,34,4,20,9,13,3,41
SOL m=8 spokes=1,3,10,4,20,32,24,9 rims=2,15,16,22,18,8,6,37
SOL m=8 spokes=1,13,10,20,16,5,22,14 rims=2,7,37,3,28,8,4,39
SOL m=8 spokes=1,4,9,27,32,13,2,12 rims=5,19,23,20,18,8,7,30
SOL m=8 spokes=1,2,10,12,22,19,6,15 rims=3,36,5,33,9,26,4,40
SOL m=8 spokes=1,11,9,31,27,6,3,13 rims=2,16,23,20,5,21,8,33
SOL m=8 spokes=1,14,10,2,26,23,5,18 rims=4,13,29,9,12,22,8,35
SOL m=8 spokes=1,18,10,14,7,2,26,21 rims=4,34,9,13,6,24,5,37
SOL m=8 spokes=1,6,9,12,29,25,15,11 rims=2,5,3,19,14,28,4,39
SOL m=8 spokes=1,12,10,8,5,13,28,22 rims=2,16,3,39,4,37,7,24
SOL m=8 spokes=1,14,10,5,26,3,15,18 rims=2,22,12,31,7,30,9,33
SOL m=8 spokes=1,2,10,23,30,6,3,12 rims=9,27,17,21,20,19,15,28
SOL m=8 spokes=1,3,9,27,32,15,4,11 rims=2,6,23,17,22,12,25,19
SOL m=8 spokes=1,6,10,3,26,28,13,15 rims=2,22,8,12,5,37,7,33
SOL m=8 spokes=1,2,10,23,32,18,7,4 rims=3,12,31,13,16,21,5,35
SOL m=8 spokes=1,2,10,25,32,6,3,12 rims=9,20,19,24,17,23,15,21
SOL m=8 spokes=1,16,11,8,2,6,19,26 rims=4,25,15,23,10,31,5,39
SOL m=8 spokes=1,15,11,8,3,5,25,27 rims=2,17,24,10,21,22,7,37
SOL m=8 spokes=1,18,10,23,15,19,12,21 rims=2,3,4,34,9,8,6,26
SOL m=8 spokes=1,2,10,15,25,22,3,19 rims=6,8,12,31,7,33,9,30
SOL m=8 spokes=1,2,10,25,32,6,3,12 rims=9,20,23,15,24,17,19,21
SOL m=8 spokes=1,10,11,17,4,20,22,24 rims=2,6,7,29,9,16,3,40
SOL m=8 spokes=1,15,10,8,2,6,25,28 rims=4,18,13,19,20,24,5,37
SOL m=8 spokes=1,5,10,8,2,18,34,22 rims=4,21,17,16,15,14,6,37
SOL m=8 spokes=1,10,11,23,6,18,3,21 rims=2,34,8,22,15,20,5,38
SOL m=8 spokes=1,10,11,19,7,14,21,16 rims=2,4,9,34,3,39,5,36
SOL m=8 spokes=1,5,10,22,33,15,7,9 rims=2,4,32,3,18,26,13,28
SOL m=8 spokes=1,5,10,13,7,15,22,26 rims=2,19,24,6,3,34,4,40
SOL m=8 spokes=1,10,11,5,7,30,22,14 rims=2,26,16,4,9,34,3,36
SOL m=8 spokes=1,14,11,4,8,2,25,30 rims=7,17,23,20,15,27,10,21
SOL m=8 spokes=1,15,10,24,20,16,12,18 rims=2,6,23,14,5,4,3,41
SOL m=8 spokes=1,3,11,17,13,4,27,22 rims=2,6,31,10,19,23,9,34
SOL m=8 spokes=1,15,11,7,5,3,29,28 rims=2,19,23,9,17,24,13,25
SOL m=8 spokes=1,5,11,16,14,2,22,26 rims=4,6,35,8,24,20,9,30
SOL m=8 spokes=1,16,10,2,20,24,12,17 rims=4,5,38,6,23,8,7,35
SOL m=8 spokes=1,14,11,23,15,17,19,21 rims=2,6,7,3,22,5,4,39
SOL m=8 spokes=1,2,11,7,3,17,32,20 rims=6,15,29,13,25,16,10,30
SOL m=8 spokes=1,10,11,6,8,30,27,14 rims=2,13,4,39,3,29,5,21
SOL m=8 spokes=1,13,10,5,22,14,16,20 rims=2,7,37,3,28,8,4,39
SOL m=8 spokes=1,16,11,3,14,6,28,21 rims=2,18,23,10,26,8,5,38
SOL m=8 spokes=1,13,11,5,24,29,3,15 rims=2,19,22,9,23,10,7,36
SOL m=8 spokes=1,16,9,12,5,18,24,26 rims=2,20,17,15,8,3,4,39
SOL m=8 spokes=1,9,11,5,7,26,23,10 rims=2,20,13,25,4,40,3,39
SOL m=8 spokes=1,5,11,19,25,16,3,18 rims=2,7,33,6,32,10,31,13
SOL m=8 spokes=1,14,10,18,27,21,16,15 rims=2,5,8,4,20,3,6,38
SOL m=8 spokes=1,19,11,9,23,6,21,20 rims=2,33,4,14,13,3,5,36
SOL m=8 spokes=1,2,11,3,15,32,27,7 rims=6,8,23,13,24,20,21,19
SOL m=8 spokes=1,3,11,15,19,6,23,25 rims=2,8,5,27,14,29,4,35
SOL m=8 spokes=1,18,11,4,23,9,15,21 rims=2,6,37,3,14,28,7,29
SOL m=8 spokes=1,11,12,18,4,9,24,22 rims=2,6,32,7,23,14,3,41
SOL m=8 spokes=1,10,11,23,7,4,19,21 rims=2,35,6,34,9,13,3,36
SOL m=8 spokes=1,17,12,22,8,15,18,21 rims=2,3,28,14,10,34,7,4
SOL m=8 spokes=1,13,11,3,8,14,23,30 rims=2,5,32,10,29,6,22,18
SOL m=8 spokes=1,17,11,7,21,26,2,18 rims=4,6,28,14,16,15,5,36
SOL m=8 spokes=1,15,11,7,19,25,2,16 rims=4,10,18,24,5,38,6,33
SOL m=8 spokes=1,2,12,4,8,15,29,24 rims=3,11,23,21,22,18,7,35
SOL m=8 spokes=1,3,11,15,19,6,23,25 rims=2,27,5,8,33,10,4,35
SOL m=8 spokes=1,15,10,20,24,12,16,18 rims=2,6,23,14,5,4,3,41
SOL m=8 spokes=1,6,12,10,8,17,25,22 rims=2,5,38,3,21,15,4,40
SOL m=8 spokes=1,19,11,23,21,15,6,20 rims=2,3,30,14,4,9,28,8
SOL m=8 spokes=1,13,11,2,25,21,6,16 rims=4,24,20,10,33,9,5,35
SOL m=8 spokes=1,2,12,3,14,7,22,28 rims=6,27,17,20,21,18,11,32
SOL m=8 spokes=1,14,12,7,19,25,3,16 rims=2,9,18,24,5,38,6,34
SOL m=8 spokes=1,21,12,6,17,2,19,22 rims=4,26,9,32,10,5,11,33
SOL m=8 spokes=1,6,12,3,25,32,15,11 rims=2,5,34,8,20,10,19,22
SOL m=8 spokes=1,11,12,3,9,5,27,32 rims=2,23,19,15,18,22,7,24
SOL m=8 spokes=1,2,12,29,24,4,8,15 rims=3,11,23,18,22,21,7,35
SOL m=8 spokes=1,12,13,8,5,15,24,26 rims=2,33,10,11,19,3,4,40
SOL m=8 spokes=1,14,12,7,19,25,3,16 rims=2,34,9,18,24,5,6,38
SOL m=8 spokes=1,6,12,14,10,17,24,27 rims=2,19,7,28,4,5,3,40
SOL m=8 spokes=1,3,11,14,31,26,5,7 rims=2,23,20,4,35,9,13,28
SOL m=8 spokes=1,4,12,29,31,5,7,10 rims=2,18,24,16,21,23,3,25
SOL m=8 spokes=1,2,11,3,27,30,7,13 rims=6,19,23,21,14,22,17,20
SOL m=8 spokes=1,15,12,16,6,8,26,28 rims=2,3,22,11,19,10,4,35
SOL m=8 spokes=1,19,13,7,10,17,21,25 rims=2,3,9,6,27,16,4,37
SOL m=8 spokes=1,15,13,25,3,6,9,17 rims=2,27,11,28,5,36,8,35
SOL m=8 spokes=1,4,13,17,7,15,23,22 rims=2,3,38,6,25,9,33,10
SOL m=8 spokes=1,14,12,9,3,7,27,26 rims=2,20,24,18,25,6,5,32
SOL m=8 spokes=1,15,13,17,11,8,27,22 rims=2,4,16,3,7,36,5,29
SOL m=8 spokes=1,16,13,8,21,27,10,17 rims=2,4,15,5,7,29,3,39
SOL m=8 spokes=1,15,13,11,9,5,29,28 rims=2,19,17,8,23,4,3,32
SOL m=8 spokes=1,12,13,3,23,25,17,19 rims=2,7,27,16,5,6,33,8
SOL m=8 spokes=1,2,12,3,30,22,7,14 rims=6,21,20,18,15,28,11,29
SOL m=8 spokes=1,7,13,20,16,24,2,19 rims=4,6,5,33,8,28,12,30
SOL m=8 spokes=1,19,13,7,24,2,16,20 rims=4,28,10,31,5,6,12,30
SOL m=8 spokes=1,15,13,17,10,7,27,26 rims=2,4,30,5,16,3,9,29
SOL m=8 spokes=1,17,13,19,5,15,25,24 rims=2,8,3,4,23,12,9,31
SOL m=8 spokes=1,15,13,4,17,7,25,24 rims=2,21,6,10,34,9,3,33
SOL m=8 spokes=1,15,13,8,26,20,3,17 rims=2,5,19,12,10,34,6,36
SOL m=8 spokes=1,7,13,4,25,27,17,16 rims=2,6,33,3,12,10,9,35
SOL m=8 spokes=1,10,13,26,29,7,15,11 rims=2,3,19,12,23,9,34,4
SOL m=8 spokes=1,13,14,16,8,11,18,28 rims=2,4,3,20,10,33,5,35
SOL m=8 spokes=1,2,13,19,25,3,10,15 rims=6,30,9,33,8,24,7,37
SOL m=8 spokes=1,15,13,11,9,5,29,28 rims=2,23,8,19,17,4,3,32
SOL m=8 spokes=1,13,14,16,8,11,18,28 rims=2,4,33,10,20,3,35,5
SOL m=8 spokes=1,13,14,8,16,11,27,23 rims=2,3,7,26,6,38,4,18
SOL m=8 spokes=1,12,13,4,19,17,24,22 rims=2,7,3,8,15,27,6,38
SOL m=8 spokes=1,19,14,2,17,8,11,24 rims=4,16,7,37,5,34,6,29
SOL m=8 spokes=1,13,14,10,19,16,8,25 rims=2,4,24,12,31,3,37,5
SOL m=8 spokes=1,19,14,21,16,23,12,20 rims=2,3,29,9,18,7,4,6
SOL m=8 spokes=1,11,14,17,20,8,12,16 rims=2,3,7,35,4,37,6,38
SOL m=8 spokes=1,17,14,10,19,24,12,18 rims=2,4,40,3,5,16,23,7
SOL m=8 spokes=1,17,14,5,11,26,19,18 rims=2,7,3,13,8,34,4,37
SOL m=8 spokes=1,4,12,10,16,29,22,15 rims=2,7,36,6,18,3,5,35
SOL m=8 spokes=1,16,14,3,17,9,26,21 rims=2,20,8,36,5,6,7,32
SOL m=8 spokes=1,20,13,5,17,2,11,21 rims=4,32,8,19,10,33,9,35
SOL m=8 spokes=1,16,13,25,21,2,7,17 rims=4,6,5,24,12,31,9,35
SOL m=8 spokes=1,16,14,2,21,27,9,17 rims=4,20,6,7,5,34,8,32
SOL m=8 spokes=1,12,13,3,17,19,23,25 rims=2,7,27,16,5,6,33,8
SOL m=8 spokes=1,16,14,20,26,8,18,17 rims=2,3,10,29,12,23,7,4
SOL m=8 spokes=1,2,14,8,21,28,18,3 rims=4,12,13,27,6,37,7,34
SOL m=8 spokes=1,4,12,5,7,29,31,10 rims=2,18,24,16,21,23,3,25
SOL m=8 spokes=1,17,15,13,3,6,9,25 rims=2,27,8,33,11,32,5,34
SOL m=8 spokes=1,17,14,11,24,22,20,18 rims=2,4,9,10,16,27,3,5
SOL m=8 spokes=1,12,15,8,2,10,29,24 rims=4,19,21,6,7,28,5,38
SOL m=8 spokes=1,18,15,12,7,23,19,21 rims=2,27,5,4,6,11,3,40
SOL m=8 spokes=1,11,14,17,20,8,12,16 rims=2,3,7,37,6,35,4,38
SOL m=8 spokes=1,11,13,28,30,8,5,12 rims=2,15,22,10,34,4,3,24
SOL m=8 spokes=1,2,14,16,29,26,5,9 rims=3,10,12,20,4,33,8,36
SOL m=8 spokes=1,18,15,23,7,12,19,21 rims=2,29,3,11,6,4,5,38
SOL m=8 spokes=1,8,15,6,9,12,22,26 rims=2,3,39,4,29,11,25,19
SOL m=8 spokes=1,12,15,5,8,13,26,24 rims=2,33,10,11,19,3,4,40
SOL m=8 spokes=1,11,13,9,31,27,6,12 rims=2,3,26,4,18,16,8,33
SOL m=8 spokes=1,8,15,18,2,21,23,12 rims=4,9,34,6,5,37,7,28
SOL m=8 spokes=1,8,14,22,27,12,10,17 rims=2,4,38,5,16,3,33,7
SOL m=8 spokes=1,14,15,4,6,8,24,27 rims=2,11,29,3,34,10,26,17
SOL m=8 spokes=1,10,15,11,4,7,26,24 rims=2,23,20,13,29,3,6,38
SOL m=8 spokes=1,5,15,6,12,3,25,29 rims=2,19,20,23,10,28,14,22
SOL m=8 spokes=1,13,15,9,11,5,29,28 rims=2,19,17,8,23,4,3,32
SOL m=8 spokes=1,21,15,6,11,2,19,22 rims=4,10,31,5,13,29,9,35
SOL m=8 spokes=1,16,14,2,21,27,9,17 rims=4,20,6,34,8,5,7,32
SOL m=8 spokes=1,5,15,12,18,9,26,25 rims=2,4,35,7,29,3,8,20
SOL m=8 spokes=1,14,15,9,7,3,26,29 rims=2,28,6,13,11,20,5,37
SOL m=8 spokes=1,21,15,8,18,5,23,22 rims=2,10,25,17,11,3,4,32
SOL m=8 spokes=1,13,15,9,11,5,29,28 rims=2,23,8,19,17,4,3,32
SOL m=8 spokes=1,8,15,4,21,19,10,9 rims=2,37,7,26,6,35,3,40
SOL m=8 spokes=1,20,15,7,23,11,2,21 rims=4,10,30,5,29,13,6,33
SOL m=8 spokes=1,21,15,4,11,18,9,23 rims=2,6,37,3,14,28,7,29
SOL m=8 spokes=1,18,15,11,13,25,9,19 rims=2,5,3,38,4,17,6,33
SOL m=8 spokes=1,11,14,17,20,8,12,16 rims=2,35,5,38,6,4,3,39
SOL m=8 spokes=1,17,15,13,11,7,18,25 rims=2,21,6,4,5,34,3,41
SOL m=8 spokes=1,19,15,7,21,10,13,23 rims=2,3,9,18,6,31,4,39
SOL m=8 spokes=1,14,15,7,3,5,24,29 rims=2,26,11,30,10,13,9,33
SOL m=8 spokes=1,14,15,4,6,8,24,27 rims=2,17,26,11,29,3,10,34
SOL m=8 spokes=1,2,15,3,10,17,27,21 rims=6,8,35,9,13,26,7,34
SOL m=8 spokes=1,20,15,5,12,23,2,21 rims=4,30,9,10,8,29,11,31
SOL m=8 spokes=1,20,15,6,21,12,4,23 rims=2,28,11,3,34,8,9,31
SOL m=8 spokes=1,5,15,19,29,3,12,6 rims=2,26,14,23,10,32,7,36
SOL m=8 spokes=1,14,16,11,4,8,27,26 rims=2,21,15,29,3,7,6,33
SOL m=8 spokes=1,3,15,33,28,9,4,11 rims=2,6,21,17,13,22,18,23
SOL m=8 spokes=1,18,15,19,9,11,13,25 rims=2,5,3,38,4,17,6,33
SOL m=8 spokes=1,5,15,6,21,19,8,12 rims=2,28,10,32,3,40,4,37
SOL m=8 spokes=1,10,16,4,8,11,22,25 rims=2,37,7,13,6,28,3,40
SOL m=8 spokes=1,11,14,17,20,8,12,16 rims=2,35,6,4,3,39,5,38
SOL m=8 spokes=1,11,16,12,9,28,21,15 rims=2,4,14,5,3,35,7,34
SOL m=8 spokes=1,13,16,10,2,20,27,22 rims=4,5,34,7,19,25,6,8
SOL m=8 spokes=1,5,16,2,13,19,10,25 rims=4,32,8,34,9,22,6,33
SOL m=8 spokes=1,2,16,12,6,3,23,28 rims=9,18,20,21,11,26,10,33
SOL m=8 spokes=1,12,16,2,18,20,26,23 rims=4,6,31,9,24,5,8,7
SOL m=8 spokes=1,2,15,35,25,9,6,3 rims=4,19,13,17,22,20,14,29
SOL m=8 spokes=1,13,16,8,19,14,10,25 rims=2,4,24,12,31,3,37,5
SOL m=8 spokes=1,7,16,11,20,3,23,22 rims=2,6,26,5,35,9,28,13
SOL m=8 spokes=1,7,14,21,26,2,10,18 rims=4,8,30,5,29,13,6,37
SOL m=8 spokes=1,15,16,18,10,20,12,24 rims=2,4,3,5,32,9,14,29
SOL m=8 spokes=1,19,16,23,14,21,12,20 rims=2,3,29,9,18,7,4,6
SOL m=8 spokes=1,21,16,5,19,9,23,22 rims=2,11,7,8,4,29,3,34
SOL m=8 spokes=1,18,16,20,13,10,24,23 rims=2,4,5,7,8,19,3,32
SOL m=8 spokes=1,15,16,5,10,3,23,27 rims=2,12,9,31,13,22,7,34
SOL m=8 spokes=1,9,16,12,6,2,26,28 rims=4,19,10,33,8,31,5,20
SOL m=8 spokes=1,13,17,7,11,2,22,14 rims=4,30,10,26,6,38,5,37
SOL m=8 spokes=1,7,14,21,26,2,10,18 rims=4,8,30,13,6,29,5,37
SOL m=8 spokes=1,12,16,14,8,18,28,23 rims=2,4,3,22,5,33,10,11
SOL m=8 spokes=1,15,16,20,12,18,10,24 rims=2,4,3,5,32,9,14,29
SOL m=8 spokes=1,15,16,3,6,8,26,28 rims=2,10,20,13,25,14,5,35
SOL m=8 spokes=1,19,16,2,24,7,13,20 rims=4,30,12,6,5,28,10,31
SOL m=8 spokes=1,10,16,4,22,25,8,11 rims=2,37,7,13,6,28,3,40
SOL m=8 spokes=1,20,17,4,22,10,12,21 rims=2,6,9,19,7,37,3,33
SOL m=8 spokes=1,9,15,23,29,18,11,13 rims=2,5,3,14,21,4,6,37
SOL m=8 spokes=1,13,17,22,25,7,15,14 rims=2,3,9,10,33,11,30,4
SOL m=8 spokes=1,12,17,15,20,23,13,19 rims=2,6,5,4,22,7,3,41
SOL m=8 spokes=1,2,17,13,8,3,21,24 rims=6,33,11,19,12,28,7,36
SOL m=8 spokes=1,5,17,2,14,11,21,25 rims=4,6,34,9,20,24,8,33
SOL m=8 spokes=1,5,17,34,27,8,2,6 rims=4,12,26,15,22,21,10,20
SOL m=8 spokes=1,14,17,20,23,11,15,19 rims=2,7,6,4,22,5,3,41
SOL m=8 spokes=1,16,17,9,6,4,26,24 rims=2,12,19,15,29,8,3,36
SOL m=8 spokes=1,14,18,9,6,3,26,25 rims=2,13,29,8,22,11,5,36
SOL m=8 spokes=1,2,17,8,13,21,26,3 rims=4,32,12,19,6,35,7,33
SOL m=8 spokes=1,12,17,15,20,23,13,19 rims=2,7,22,4,6,5,3,41
SOL m=8 spokes=1,13,17,15,7,22,25,14 rims=2,3,9,10,33,11,30,4
SOL m=8 spokes=1,11,18,6,14,20,23,22 rims=2,3,27,12,4,9,35,8
SOL m=8 spokes=1,9,18,4,14,24,2,17 rims=7,22,12,27,10,30,8,36
SOL m=8 spokes=1,4,18,8,10,21,16,23 rims=2,5,37,3,32,6,30,13
SOL m=8 spokes=1,20,17,2,7,13,9,21 rims=4,32,12,19,6,37,5,35
SOL m=8 spokes=1,19,16,9,24,2,14,20 rims=4,8,27,7,6,26,5,37
SOL m=8 spokes=1,4,18,21,16,10,8,23 rims=2,5,37,3,32,6,30,13
SOL m=8 spokes=1,16,18,20,10,22,14,17 rims=2,5,8,4,25,6,3,41
SOL m=8 spokes=1,8,18,34,21,6,2,9 rims=4,28,13,12,26,5,11,33
SOL m=8 spokes=1,8,18,12,14,25,9,16 rims=2,29,6,5,39,3,4,36
SOL m=8 spokes=1,8,18,6,20,26,4,17 rims=2,13,3,33,9,30,11,29
SOL m=8 spokes=1,16,18,14,23,11,20,17 rims=2,4,22,10,3,5,37,7
SOL m=8 spokes=1,2,17,32,25,3,6,11 rims=9,10,12,29,15,24,16,21
SOL m=8 spokes=1,19,16,9,24,2,14,20 rims=4,27,8,26,6,7,5,37
SOL m=8 spokes=1,11,19,16,3,25,12,18 rims=2,7,35,5,33,6,24,8
SOL m=8 spokes=1,13,19,25,3,11,14,18 rims=2,5,23,9,35,6,34,8
SOL m=8 spokes=1,9,18,5,15,12,22,20 rims=2,26,10,34,8,3,4,39
SOL m=8 spokes=1,2,18,3,14,9,20,26 rims=6,33,8,17,13,24,7,36
SOL m=8 spokes=1,7,19,10,5,21,25,8 rims=2,14,9,33,3,34,4,39
SOL m=8 spokes=1,10,19,28,7,13,15,11 rims=2,3,9,27,6,31,4,40
SOL m=8 spokes=1,13,18,9,24,14,20,17 rims=2,3,36,7,4,12,28,6
SOL m=8 spokes=1,18,19,15,13,11,9,25 rims=2,3,34,7,35,4,17,6
SOL m=8 spokes=1,11,18,28,25,9,5,13 rims=2,32,3,14,7,8,4,40
SOL m=8 spokes=1,21,19,16,13,9,23,22 rims=2,3,4,29,11,15,12,6
SOL m=8 spokes=1,5,19,7,17,9,25,24 rims=2,11,4,35,3,34,6,21
SOL m=8 spokes=1,10,19,28,6,4,12,11 rims=2,24,3,33,8,34,9,35
SOL m=8 spokes=1,2,18,9,14,3,26,20 rims=6,33,8,17,13,24,7,36
SOL m=8 spokes=1,12,19,3,16,24,10,18 rims=2,5,9,23,8,33,6,38
SOL m=8 spokes=1,16,17,23,13,11,9,20 rims=2,5,3,35,6,15,4,40
SOL m=8 spokes=1,9,18,12,15,5,26,25 rims=2,20,8,3,4,32,10,29
SOL m=8 spokes=1,16,20,24,2,10,12,17 rims=4,5,38,6,23,8,7,35
SOL m=8 spokes=1,2,19,3,10,15,25,21 rims=6,8,33,9,13,30,7,32
SOL m=8 spokes=1,13,19,14,25,3,10,18 rims=2,6,30,12,28,5,34,7
SOL m=8 spokes=1,7,19,10,5,21,25,8 rims=2,14,9,34,4,33,3,39
SOL m=8 spokes=1,2,20,8,14,3,17,24 rims=6,22,13,30,12,29,7,33
SOL m=8 spokes=1,3,20,11,16,7,23,22 rims=2,13,31,6,35,5,4,28
SOL m=8 spokes=1,2,20,32,16,9,6,3 rims=4,24,13,30,14,25,15,27
SOL m=8 spokes=1,9,20,5,16,23,2,10 rims=4,31,13,27,12,29,8,34
SOL m=8 spokes=1,14,19,9,25,3,15,18 rims=2,28,8,5,6,35,7,31
SOL m=8 spokes=1,14,20,8,15,24,3,19 rims=2,10,30,7,6,36,5,26
SOL m=8 spokes=1,20,18,2,16,6,12,21 rims=4,5,33,10,15,29,11,31
SOL m=8 spokes=1,8,21,19,4,15,10,9 rims=2,37,7,26,6,35,3,40
SOL m=8 spokes=1,13,17,20,24,9,15,14 rims=2,3,40,4,7,12,30,6
SOL m=8 spokes=1,18,19,5,14,16,25,22 rims=2,7,3,8,4,24,13,29
SOL m=8 spokes=1,2,20,32,17,3,7,11 rims=6,16,26,12,29,15,10,30
SOL m=8 spokes=1,19,21,15,17,11,8,20 rims=2,4,40,3,10,14,28,5
SOL m=8 spokes=1,10,19,28,24,2,7,13 rims=4,18,9,5,11,33,6,36
SOL m=8 spokes=1,3,20,31,22,8,13,7 rims=2,4,36,5,12,18,19,24
SOL m=8 spokes=1,16,20,10,17,22,14,19 rims=2,6,7,5,4,40,3,25
SOL m=8 spokes=1,6,22,26,3,11,13,18 rims=2,8,34,7,31,5,15,28
SOL m=8 spokes=1,16,18,20,11,22,14,17 rims=2,24,7,6,4,5,3,41
SOL m=8 spokes=1,10,19,28,6,4,12,11 rims=2,24,9,27,8,34,3,41
SOL m=8 spokes=1,18,21,16,8,23,12,19 rims=2,3,11,4,6,25,7,36
SOL m=8 spokes=1,9,22,25,20,6,10,18 rims=2,14,3,33,4,8,5,39
SOL m=8 spokes=1,7,23,30,4,12,2,10 rims=8,21,18,20,16,28,15,26
SOL m=8 spokes=1,13,21,3,17,6,11,23 rims=2,31,10,15,5,34,8,35
SOL m=8 spokes=1,18,19,15,3,12,23,25 rims=2,8,9,5,6,29,7,32
SOL m=8 spokes=1,12,23,25,6,19,16,15 rims=2,9,4,10,33,3,5,30
SOL m=8 spokes=1,20,8,13,11,17,15,21 rims=2,4,36,7,3,39,5,22
SOL m=8 spokes=1,18,19,12,3,15,23,25 rims=2,8,9,5,6,32,7,29
SOL m=8 spokes=1,5,19,3,17,11,23,10 rims=2,31,7,25,9,35,6,37
SOL m=8 spokes=1,20,18,2,16,6,12,23 rims=4,27,11,10,5,35,9,33
SOL m=8 spokes=1,17,22,12,18,15,8,21 rims=2,3,28,14,10,34,7,4
SOL m=8 spokes=1,14,20,26,24,2,9,17 rims=4,30,12,6,5,8,7,32
SOL m=8 spokes=1,16,22,8,13,20,18,17 rims=2,4,11,27,5,7,3,41
SOL m=8 spokes=1,2,21,31,14,3,6,9 rims=10,19,17,25,18,26,13,28
SOL m=8 spokes=1,2,23,35,16,6,3,9 rims=10,20,13,14,28,12,22,21
SOL m=8 spokes=1,8,23,31,12,6,3,10 rims=2,19,9,27,17,25,5,38
SOL m=8 spokes=1,19,21,9,17,6,23,20 rims=2,11,3,5,30,4,12,31
SOL m=8 spokes=1,11,23,9,17,3,21,16 rims=2,29,5,8,7,36,6,35
SOL m=8 spokes=1,12,22,15,17,19,13,21 rims=2,4,5,37,7,3,8,24
SOL m=8 spokes=1,12,24,28,2,6,8,15 rims=4,19,22,13,31,11,5,33
SOL m=8 spokes=1,21,19,4,17,12,23,22 rims=2,9,6,8,29,3,7,28
SOL m=8 spokes=1,7,24,29,4,14,2,13 rims=8,10,23,16,19,22,12,32
SOL m=8 spokes=1,15,23,12,20,10,17,16 rims=2,5,14,30,4,38,3,6
SOL m=8 spokes=1,2,24,30,17,12,9,4 rims=3,35,8,15,5,22,7,37
SOL m=8 spokes=1,13,24,22,2,7,17,14 rims=4,5,6,28,12,32,10,33
SOL m=8 spokes=1,3,23,25,6,19,15,11 rims=2,10,33,8,5,27,4,35
SOL m=8 spokes=1,18,24,13,20,9,16,19 rims=2,4,11,30,12,23,3,5
SOL m=8 spokes=1,18,21,16,19,12,8,23 rims=2,3,11,4,6,25,7,36
SOL m=8 spokes=1,13,24,9,18,20,14,17 rims=2,3,36,7,4,12,28,6
SOL m=8 spokes=1,13,24,2,6,16,8,20 rims=4,31,12,27,11,23,5,37
SOL m=8 spokes=1,10,25,30,2,8,4,11 rims=7,17,15,22,20,23,16,28
SOL m=8 spokes=1,2,25,22,14,10,6,19 rims=3,27,9,34,4,13,5,37
SOL m=8 spokes=1,4,23,27,21,16,11,14 rims=2,3,26,10,9,33,7,6
SOL m=8 spokes=1,13,25,3,10,19,14,18 rims=2,6,30,12,29,5,33,7
SOL m=8 spokes=1,11,23,9,17,3,21,16 rims=2,29,5,36,6,7,8,35
SOL m=8 spokes=1,8,25,19,16,3,13,15 rims=2,7,37,5,30,6,33,10
SOL m=8 spokes=1,5,26,24,2,15,12,6 rims=4,18,19,23,10,34,9,31
SOL m=8 spokes=1,2,23,35,16,3,6,9 rims=10,20,13,14,28,15,19,21
SOL m=8 spokes=1,2,22,34,17,10,7,4 rims=3,27,16,15,13,20,5,37
SOL m=8 spokes=1,2,26,33,14,6,11,3 rims=4,19,22,21,10,20,18,24
SOL m=8 spokes=1,8,24,32,20,5,3,10 rims=2,12,19,22,17,9,7,36
SOL m=8 spokes=1,7,24,33,15,3,5,11 rims=2,19,23,8,9,28,13,30
SOL m=8 spokes=1,2,24,28,19,10,13,16 rims=3,4,27,9,33,6,17,5
SOL m=8 spokes=1,19,21,9,17,6,23,20 rims=2,11,5,3,30,4,31,12
SOL m=8 spokes=1,5,24,28,2,14,16,6 rims=4,31,12,27,10,13,9,32
SOL m=8 spokes=1,2,28,24,3,6,11,16 rims=9,23,15,21,20,17,10,33
SOL m=8 spokes=1,11,23,9,17,3,21,16 rims=2,29,6,37,5,8,7,34
SOL m=8 spokes=1,2,28,21,7,16,12,4 rims=3,27,15,24,10,26,5,38
SOL m=8 spokes=1,10,27,24,8,5,13,12 rims=2,31,7,4,26,16,3,41
SOL m=8 spokes=1,8,26,22,3,17,6,16 rims=2,10,31,13,21,15,5,35
SOL m=8 spokes=1,14,27,7,11,17,9,15 rims=2,3,37,4,30,13,6,33
SOL m=8 spokes=1,4,26,21,16,9,7,15 rims=2,12,6,38,5,29,3,37
SOL m=8 spokes=1,5,27,31,3,13,6,12 rims=2,21,20,22,16,19,10,24
SOL m=8 spokes=1,14,27,7,9,15,11,17 rims=2,3,37,4,30,13,6,33
SOL m=8 spokes=1,9,30,25,7,3,14,10 rims=2,18,11,32,6,36,5,22
SOL m=8 spokes=1,10,30,25,2,8,4,11 rims=7,17,23,16,28,15,22,20
SOL m=8 spokes=1,13,30,24,9,5,2,14 rims=4,17,16,12,8,34,7,36
SOL m=8 spokes=1,5,27,25,17,9,6,15 rims=2,35,3,16,13,8,4,39
SOL m=8 spokes=1,3,24,27,19,15,7,14 rims=2,4,32,5,35,9,12,11
SOL m=8 spokes=1,2,28,21,16,12,9,3 rims=4,32,6,20,7,34,8,35
SOL m=8 spokes=2,12,3,13,4,28,20,14 rims=1,34,9,29,10,11,8,36
SOL m=8 spokes=1,6,32,28,7,3,10,12 rims=2,22,14,23,20,21,5,25
SOL m=8 spokes=2,14,3,17,9,18,24,25 rims=1,15,7,6,4,36,8,29
SOL m=8 spokes=2,6,3,9,10,17,32,27 rims=1,24,7,21,8,14,4,39
SOL m=8 spokes=2,7,3,6,9,15,35,25 rims=1,19,14,29,10,26,4,23
SOL m=8 spokes=1,11,28,24,5,3,12,15 rims=2,7,30,8,34,10,22,19
SOL m=8 spokes=1,2,29,23,3,12,15,8 rims=6,22,21,19,7,27,9,33
SOL m=8 spokes=1,2,28,21,16,12,9,3 rims=4,32,7,20,6,35,8,34
SOL m=8 spokes=1,13,25,22,19,16,11,15 rims=2,5,9,18,3,39,4,6
SOL m=8 spokes=1,14,25,22,18,6,16,15 rims=2,8,4,5,39,3,24,11
SOL m=8 spokes=1,4,25,20,15,10,2,8 rims=5,31,13,29,9,34,7,32
SOL m=8 spokes=2,5,4,8,7,16,36,23 rims=1,25,17,15,14,19,3,34
SOL m=8 spokes=2,12,3,19,4,15,20,25 rims=1,10,26,9,33,8,30,13
SOL m=8 spokes=1,2,27,19,7,13,3,16 rims=6,25,17,24,12,26,11,33
SOL m=8 spokes=2,8,3,14,25,29,9,10 rims=1,6,38,4,26,15,21,19
SOL m=8 spokes=1,8,31,28,4,13,2,11 rims=7,16,22,18,25,9,17,20
SOL m=8 spokes=1,2,27,20,7,13,17,3 rims=4,25,11,31,12,26,6,35
SOL m=8 spokes=2,3,4,5,10,16,34,25 rims=1,22,11,31,9,15,17,26
SOL m=8 spokes=2,3,4,5,9,26,34,16 rims=1,14,27,17,18,22,10,23
SOL m=8 spokes=2,7,4,9,10,27,28,15 rims=1,20,13,26,18,5,3,40
SOL m=8 spokes=2,9,3,12,13,8,28,26 rims=1,6,18,25,19,23,4,32
SOL m=8 spokes=2,11,3,26,20,14,4,18 rims=1,12,27,9,10,33,8,34
SOL m=8 spokes=2,13,4,12,3,15,20,26 rims=1,34,9,31,11,10,8,36
SOL m=8 spokes=2,8,4,10,28,27,5,16 rims=1,21,19,23,11,14,3,38
SOL m=8 spokes=2,12,4,28,20,14,3,13 rims=1,34,9,29,10,11,8,36
SOL m=8 spokes=2,3,4,5,9,27,33,16 rims=1,14,26,18,10,24,17,22
SOL m=8 spokes=2,9,4,8,30,29,11,14 rims=1,25,3,24,16,5,7,35
SOL m=8 spokes=2,12,5,15,4,28,20,14 rims=1,36,8,23,11,10,3,38
SOL m=8 spokes=2,12,4,8,28,25,7,14 rims=1,16,5,38,3,31,13,23
SOL m=8 spokes=1,12,29,31,4,7,10,13 rims=2,21,6,34,3,15,9,26
SOL m=8 spokes=2,20,5,6,10,11,19,22 rims=1,35,3,34,9,14,4,40
SOL m=8 spokes=2,13,3,12,4,8,24,31 rims=1,15,18,22,19,23,9,29
SOL m=8 spokes=2,20,5,6,10,11,19,22 rims=1,35,9,14,4,34,3,40
SOL m=8 spokes=2,14,3,24,25,17,9,18 rims=1,15,7,6,4,36,8,29
SOL m=8 spokes=2,12,4,28,20,14,5,15 rims=1,36,8,23,11,10,3,38
SOL m=8 spokes=2,9,5,6,11,30,22,12 rims=1,25,19,10,4,34,3,40
SOL m=8 spokes=1,4,24,26,5,7,12,15 rims=2,21,14,18,10,34,3,40
SOL m=8 spokes=2,4,5,6,16,9,25,28 rims=1,23,12,26,17,19,3,39
SOL m=8 spokes=2,12,3,11,4,15,31,25 rims=1,8,30,14,10,22,19,20
SOL m=8 spokes=2,15,5,20,25,19,11,18 rims=1,28,4,6,8,9,3,41
SOL m=8 spokes=2,8,4,12,3,24,31,13 rims=1,9,18,22,19,23,15,29
SOL m=8 spokes=2,4,5,25,28,6,16,9 rims=1,23,12,26,17,19,3,39
SOL m=8 spokes=2,10,5,4,28,27,13,16 rims=1,8,11,24,12,22,3,39
SOL m=8 spokes=2,9,5,6,11,24,32,12 rims=1,27,4,10,25,19,3,39
SOL m=8 spokes=2,13,6,10,5,14,31,29 rims=1,3,19,9,21,17,15,25
SOL m=8 spokes=2,4,6,3,9,25,35,17 rims=1,18,14,16,24,12,10,33
SOL m=8 spokes=2,10,4,28,33,14,3,11 rims=1,19,8,32,9,17,12,22
SOL m=8 spokes=2,7,6,11,10,29,32,15 rims=1,3,27,14,9,28,5,19
SOL m=8 spokes=2,5,4,8,7,15,35,26 rims=1,24,3,18,14,22,16,28
SOL m=8 spokes=2,18,6,22,10,19,5,20 rims=1,31,3,14,29,4,9,35
SOL m=8 spokes=2,8,5,10,11,20,31,24 rims=1,3,37,6,21,17,9,14
SOL m=8 spokes=1,2,29,25,6,3,9,14 rims=12,19,22,18,24,13,23,21
SOL m=8 spokes=2,17,5,22,13,6,14,20 rims=1,9,12,29,3,40,4,34
SOL m=8 spokes=2,20,6,9,12,17,22,21 rims=1,15,10,3,4,39,5,35
SOL m=8 spokes=2,18,6,9,10,15,20,25 rims=1,13,19,4,3,39,5,36
SOL m=8 spokes=1,2,29,25,6,3,9,14 rims=12,21,23,19,22,18,13,24
SOL m=8 spokes=2,7,6,16,15,3,28,26 rims=1,13,12,27,11,20,4,36
SOL m=8 spokes=2,17,6,13,16,23,26,21 rims=1,10,31,4,3,9,5,19
SOL m=8 spokes=2,18,5,19,4,8,12,24 rims=1,33,11,25,15,20,3,38
SOL m=8 spokes=2,4,6,16,15,25,24,7 rims=1,34,10,33,3,9,5,37
SOL m=8 spokes=2,3,4,5,24,34,18,9 rims=1,16,19,11,29,15,10,31
SOL m=8 spokes=2,4,6,3,17,32,22,12 rims=1,13,27,10,33,9,11,30
SOL m=8 spokes=2,20,6,16,19,7,24,22 rims=1,10,4,31,3,12,5,32
SOL m=8 spokes=2,4,6,5,19,34,22,10 rims=1,12,30,3,32,11,20,17
SOL m=8 spokes=2,3,5,28,24,6,15,16 rims=1,13,12,23,10,32,4,37
SOL m=8 spokes=2,16,6,12,23,15,20,18 rims=1,4,7,35,9,10,3,37
SOL m=8 spokes=2,4,6,10,5,26,33,15 rims=1,16,13,31,3,24,18,22
SOL m=8 spokes=2,12,6,7,29,30,11,14 rims=1,3,22,5,28,10,24,15
SOL m=8 spokes=2,4,6,10,16,26,9,17 rims=1,34,7,24,5,39,3,37
SOL m=8 spokes=2,10,7,3,4,19,31,20 rims=1,15,28,8,32,12,25,17
SOL m=8 spokes=2,18,4,20,12,5,15,24 rims=1,31,8,26,11,10,3,40
SOL m=8 spokes=2,8,5,16,17,4,21,27 rims=1,14,28,11,30,10,3,33
SOL m=8 spokes=2,13,7,14,10,18,28,26 rims=1,3,8,21,22,15,19,5
SOL m=8 spokes=2,17,6,23,13,3,16,21 rims=1,11,31,10,4,28,7,36
SOL m=8 spokes=2,8,7,13,12,3,29,27 rims=1,24,4,18,26,17,6,32
SOL m=8 spokes=2,4,6,22,34,19,5,10 rims=1,12,30,3,28,15,20,17
SOL m=8 spokes=2,18,7,23,12,8,20,21 rims=1,4,36,6,11,13,3,34
SOL m=8 spokes=2,18,7,25,4,13,10,19 rims=1,29,5,16,8,33,3,39
SOL m=8 spokes=2,11,6,25,20,7,10,17 rims=1,14,5,29,4,40,3,38
SOL m=8 spokes=2,17,7,18,6,19,25,22 rims=1,3,30,14,24,10,5,11
SOL m=8 spokes=2,15,7,8,14,20,11,24 rims=1,5,12,30,4,33,3,40
SOL m=8 spokes=2,10,7,3,14,15,26,20 rims=1,31,11,8,4,37,6,38
SOL m=8 spokes=2,4,6,3,15,34,20,10 rims=1,28,11,31,12,18,9,32
SOL m=8 spokes=2,8,7,14,13,3,27,23 rims=1,32,12,6,19,24,4,38
SOL m=8 spokes=2,3,5,14,10,6,26,27 rims=1,24,19,23,21,18,4,34
SOL m=8 spokes=2,11,7,4,14,29,30,13 rims=1,18,10,12,23,3,5,38
SOL m=8 spokes=2,13,7,12,16,8,28,26 rims=1,3,24,19,17,5,6,31
SOL m=8 spokes=2,13,7,12,8,16,24,27 rims=1,4,38,6,11,30,3,19
SOL m=8 spokes=2,12,7,17,14,6,20,24 rims=1,3,39,5,28,15,25,10
SOL m=8 spokes=2,13,7,17,3,21,24,22 rims=1,11,4,14,6,36,8,32
SOL m=8 spokes=2,4,7,12,15,26,27,6 rims=1,24,20,3,8,35,5,36
SOL m=8 spokes=2,11,7,13,19,3,20,25 rims=1,17,23,6,37,4,8,34
SOL m=8 spokes=2,21,8,17,4,7,18,23 rims=1,32,11,3,13,29,5,36
SOL m=8 spokes=2,17,7,24,21,13,12,18 rims=1,3,5,27,16,6,34,10
SOL m=8 spokes=2,5,8,11,7,27,26,14 rims=1,3,36,6,24,20,23,17
SOL m=8 spokes=2,17,7,18,6,19,25,22 rims=1,4,12,3,30,14,24,10
SOL m=8 spokes=2,12,7,17,14,6,20,24 rims=1,4,11,33,10,25,3,39
SOL m=8 spokes=2,8,7,28,27,10,13,16 rims=1,4,33,6,19,3,11,31
SOL m=8 spokes=2,15,8,16,9,12,21,26 rims=1,4,40,3,19,6,7,32
SOL m=8 spokes=2,18,5,19,12,8,4,24 rims=1,33,11,20,15,25,3,38
SOL m=8 spokes=2,8,7,13,12,3,26,24 rims=1,29,6,17,25,18,4,40
SOL m=8 spokes=2,4,6,3,12,17,32,25 rims=1,10,30,13,9,24,15,26
SOL m=8 spokes=2,8,7,14,13,3,30,26 rims=1,24,4,23,19,12,6,35
SOL m=8 spokes=2,4,8,3,9,16,35,25 rims=1,22,14,26,6,15,12,30
SOL m=8 spokes=2,14,8,7,24,11,15,20 rims=1,4,12,30,3,37,6,35
SOL m=8 spokes=2,14,8,7,15,20,11,24 rims=1,4,12,30,3,37,6,35
SOL m=8 spokes=2,17,7,18,19,6,25,22 rims=1,11,5,10,4,34,3,30
SOL m=8 spokes=2,14,8,7,24,11,15,20 rims=1,5,30,12,4,33,3,40
SOL m=8 spokes=2,19,8,11,14,7,21,20 rims=1,3,38,6,37,5,12,24
SOL m=8 spokes=2,8,7,25,24,3,14,12 rims=1,17,6,29,13,30,4,40
SOL m=8 spokes=2,14,8,7,15,20,11,24 rims=1,5,30,12,4,33,3,40
SOL m=8 spokes=2,4,8,12,3,15,18,28 rims=1,24,13,29,9,35,6,33
SOL m=8 spokes=2,12,8,4,18,7,21,24 rims=1,13,27,17,5,38,3,34
SOL m=8 spokes=2,13,8,4,12,3,27,30 rims=1,21,15,26,18,19,9,23
SOL m=8 spokes=2,4,6,25,24,16,15,7 rims=1,34,10,33,3,9,5,37
SOL m=8 spokes=2,4,9,3,6,18,34,26 rims=1,12,16,23,19,14,17,24
SOL m=8 spokes=2,18,9,20,12,23,15,19 rims=1,4,36,8,26,3,10,6
SOL m=8 spokes=2,7,9,8,16,27,24,12 rims=1,3,38,6,37,5,17,13
SOL m=8 spokes=2,3,9,5,14,10,25,26 rims=1,20,24,18,4,37,6,32
SOL m=8 spokes=2,15,9,16,12,8,28,26 rims=1,4,25,7,6,33,3,19
SOL m=8 spokes=2,6,8,7,25,28,12,16 rims=1,4,11,21,17,26,3,39
SOL m=8 spokes=2,4,9,8,14,13,26,29 rims=1,5,36,3,24,7,25,19
SOL m=8 spokes=2,4,9,10,28,29,16,13 rims=1,6,15,19,24,3,5,35
SOL m=8 spokes=2,11,8,5,29,30,15,13 rims=1,3,6,19,14,22,12,27
SOL m=8 spokes=2,6,8,31,26,9,12,13 rims=1,3,24,5,25,16,7,35
SOL m=8 spokes=2,14,9,5,25,21,8,15 rims=1,37,6,12,4,28,3,41
SOL m=8 spokes=2,7,9,16,25,13,12,17 rims=1,38,6,4,31,5,3,40
SOL m=8 spokes=2,20,10,11,5,6,19,22 rims=1,35,3,34,9,14,4,40
SOL m=8 spokes=2,12,9,20,24,19,5,18 rims=1,3,10,34,6,35,8,15
SOL m=8 spokes=2,6,9,26,31,8,13,12 rims=1,3,24,5,25,16,7,35
SOL m=8 spokes=2,19,8,20,23,16,7,21 rims=1,3,11,32,6,28,5,12
SOL m=8 spokes=2,17,10,14,9,18,13,24 rims=1,4,21,8,36,3,37,6
SOL m=8 spokes=2,9,10,5,6,28,34,13 rims=1,25,4,17,3,24,11,31
SOL m=8 spokes=2,10,9,6,3,17,30,25 rims=1,14,4,20,21,22,7,37
SOL m=8 spokes=2,17,10,16,9,13,22,27 rims=1,3,5,20,21,14,28,6
SOL m=8 spokes=2,17,9,13,3,14,19,26 rims=1,6,38,4,33,8,10,24
SOL m=8 spokes=2,8,10,15,14,29,28,11 rims=1,3,6,27,5,13,7,34
SOL m=8 spokes=2,5,7,32,22,12,8,11 rims=1,20,6,25,3,38,4,35
SOL m=8 spokes=2,7,9,20,31,16,12,8 rims=1,5,37,4,26,3,10,34
SOL m=8 spokes=2,3,6,9,16,32,21,4 rims=1,25,17,14,15,28,5,39
SOL m=8 spokes=2,15,9,3,17,20,25,21 rims=1,6,10,33,4,8,31,13
SOL m=8 spokes=2,16,10,18,17,13,26,22 rims=1,5,4,21,3,11,30,7
SOL m=8 spokes=2,13,10,23,24,9,4,20 rims=1,7,35,5,16,15,3,38
SOL m=8 spokes=2,5,10,4,25,29,18,11 rims=1,7,19,13,24,14,3,41
SOL m=8 spokes=2,17,10,7,6,11,20,25 rims=1,14,5,29,4,40,3,38
SOL m=8 spokes=2,14,10,3,13,16,22,28 rims=1,7,4,33,6,34,9,20
SOL m=8 spokes=2,3,9,15,35,27,4,5 rims=1,23,10,21,22,12,16,25
SOL m=8 spokes=2,17,10,9,22,25,21,19 rims=1,5,3,13,7,33,4,14
SOL m=8 spokes=2,3,9,27,31,15,5,10 rims=1,20,23,12,4,22,6,38
SOL m=8 spokes=2,7,10,27,28,15,4,9 rims=1,20,13,26,18,5,3,40
SOL m=8 spokes=2,12,7,25,22,19,8,16 rims=1,5,13,4,32,11,3,39
SOL m=8 spokes=2,20,10,11,5,6,19,22 rims=1,35,9,14,4,34,3,40
SOL m=8 spokes=2,15,11,24,7,8,14,20 rims=1,5,12,30,4,33,3,40
SOL m=8 spokes=2,11,8,5,29,30,4,13 rims=1,25,14,20,3,19,17,27
SOL m=8 spokes=2,15,11,4,7,26,10,16 rims=1,33,3,35,8,24,5,39
SOL m=8 spokes=2,3,10,17,29,24,13,11 rims=1,5,33,4,18,7,36,8
SOL m=8 spokes=2,21,10,15,18,9,23,22 rims=1,4,3,13,29,6,8,26
SOL m=8 spokes=2,15,11,16,10,17,27,24 rims=1,4,3,20,6,30,14,8
SOL m=8 spokes=2,3,10,4,27,31,16,11 rims=1,24,8,9,13,23,5,39
SOL m=8 spokes=2,4,11,3,12,6,30,25 rims=1,21,19,24,15,20,18,26
SOL m=8 spokes=2,6,11,3,8,24,31,12 rims=1,16,22,21,7,25,4,40
SOL m=8 spokes=2,17,11,20,16,19,12,24 rims=1,4,34,8,7,3,6,25
SOL m=8 spokes=2,20,9,10,15,19,16,23 rims=1,3,37,7,27,14,8,5
SOL m=8 spokes=2,8,10,29,28,15,14,11 rims=1,3,6,27,5,13,7,34
SOL m=8 spokes=2,17,11,10,24,23,5,20 rims=1,18,3,6,8,28,4,38
SOL m=8 spokes=2,8,10,27,28,7,16,13 rims=1,4,33,6,19,3,11,31
SOL m=8 spokes=2,6,10,28,27,11,16,14 rims=1,8,15,4,3,35,5,31
SOL m=8 spokes=2,4,11,15,10,5,25,28 rims=1,22,8,18,6,31,3,41
SOL m=8 spokes=2,3,11,7,30,24,14,12 rims=1,5,29,8,20,18,4,39
SOL m=8 spokes=2,13,10,5,6,24,30,15 rims=1,3,14,27,11,33,9,22
SOL m=8 spokes=2,3,11,17,31,27,4,5 rims=1,9,28,12,14,25,18,23
SOL m=8 spokes=2,16,12,4,7,13,26,27 rims=1,10,8,36,5,32,3,21
SOL m=8 spokes=2,4,10,27,33,14,3,11 rims=1,8,26,6,22,17,23,19
SOL m=8 spokes=2,13,12,9,3,8,28,26 rims=1,6,18,25,19,23,4,32
SOL m=8 spokes=2,17,12,21,13,22,16,19 rims=1,3,5,6,20,7,35,9
SOL m=8 spokes=2,20,12,8,9,15,24,22 rims=1,5,13,25,16,3,4,39
SOL m=8 spokes=2,21,12,18,7,15,22,23 rims=1,3,8,5,32,10,6,25
SOL m=8 spokes=2,8,10,11,26,21,7,14 rims=1,5,39,3,27,16,4,37
SOL m=8 spokes=2,14,11,7,26,8,18,16 rims=1,3,31,12,5,33,6,35
SOL m=8 spokes=2,5,12,6,13,17,28,26 rims=1,3,21,16,20,7,35,9
SOL m=8 spokes=2,7,12,19,15,4,18,24 rims=1,9,29,5,8,32,3,41
SOL m=8 spokes=2,5,11,15,14,28,27,7 rims=1,8,36,4,6,31,3,23
SOL m=8 spokes=2,7,10,29,32,15,6,11 rims=1,3,27,14,9,28,5,19
SOL m=8 spokes=2,10,12,6,18,3,25,26 rims=1,23,19,22,17,4,7,33
SOL m=8 spokes=2,7,12,8,4,31,22,13 rims=1,18,5,37,3,32,9,27
SOL m=8 spokes=2,6,12,16,11,28,27,9 rims=1,3,32,10,31,5,19,7
SOL m=8 spokes=2,14,13,8,7,3,27,23 rims=1,32,12,6,19,24,4,38
SOL m=8 spokes=2,4,11,22,27,3,8,17 rims=1,15,18,23,9,34,6,36
SOL m=8 spokes=2,14,11,8,17,7,27,26 rims=1,4,12,20,3,36,6,24
SOL m=8 spokes=2,14,13,8,7,3,30,26 rims=1,24,4,23,19,12,6,35
SOL m=8 spokes=2,18,13,14,17,8,25,23 rims=1,5,24,4,3,9,11,33
SOL m=8 spokes=2,9,13,3,14,8,28,26 rims=1,6,19,24,20,18,4,32
SOL m=8 spokes=2,4,13,8,7,14,17,29 rims=1,31,3,23,5,35,6,38
SOL m=8 spokes=2,5,11,22,28,14,15,7 rims=1,3,38,6,34,8,23,9
SOL m=8 spokes=2,17,12,5,13,16,24,27 rims=1,19,23,8,3,6,4,34
SOL m=8 spokes=2,4,13,5,6,31,24,12 rims=1,21,11,27,14,20,3,39
SOL m=8 spokes=2,4,14,15,8,9,29,26 rims=1,6,36,3,18,20,5,27
SOL m=8 spokes=2,16,13,7,4,12,27,26 rims=1,10,8,36,5,32,3,21
SOL m=8 spokes=2,6,13,19,26,5,14,17 rims=1,9,29,8,4,31,3,41
SOL m=8 spokes=2,9,14,6,10,11,21,28 rims=1,4,18,26,7,29,3,40
SOL m=8 spokes=2,11,13,24,23,17,16,20 rims=1,3,5,9,12,10,32,6
SOL m=8 spokes=2,20,14,8,15,11,24,22 rims=1,4,23,18,3,9,34,6
SOL m=8 spokes=2,13,12,8,7,3,26,24 rims=1,29,6,17,25,18,4,40
SOL m=8 spokes=2,4,14,3,11,6,24,30 rims=1,21,18,19,23,17,12,31
SOL m=8 spokes=2,3,13,16,7,22,26,14 rims=1,5,32,11,23,8,4,40
SOL m=8 spokes=2,7,12,19,18,4,15,24 rims=1,9,35,5,8,29,3,38
SOL m=8 spokes=2,16,13,27,24,5,12,17 rims=1,19,23,8,3,6,4,34
SOL m=8 spokes=2,12,11,15,8,14,22,28 rims=1,6,38,3,18,5,4,31
SOL m=8 spokes=2,9,14,11,23,27,10,17 rims=1,5,30,4,39,3,15,7
SOL m=8 spokes=2,7,14,10,11,19,30,24 rims=1,3,36,6,22,5,15,8
SOL m=8 spokes=2,8,14,19,9,18,22,25 rims=1,4,6,7,35,3,12,28
SOL m=8 spokes=2,17,14,5,19,6,24,25 rims=1,9,4,28,12,15,3,34
SOL m=8 spokes=2,12,14,6,20,24,7,17 rims=1,3,39,5,28,15,25,10
SOL m=8 spokes=2,13,14,5,27,21,6,17 rims=1,9,28,4,39,3,12,24
SOL m=8 spokes=2,12,14,11,28,22,7,15 rims=1,4,6,38,3,17,8,31
SOL m=8 spokes=2,12,15,14,7,6,23,27 rims=1,10,3,40,4,24,5,31
SOL m=8 spokes=2,8,14,13,27,30,9,12 rims=1,4,33,7,3,28,6,18
SOL m=8 spokes=2,14,15,8,9,5,25,21 rims=1,37,6,12,4,28,3,41
SOL m=8 spokes=2,3,15,16,8,28,24,6 rims=1,4,29,12,25,13,7,35
SOL m=8 spokes=2,13,12,8,7,3,29,27 rims=1,24,4,18,26,17,6,32
SOL m=8 spokes=2,20,15,19,10,9,16,23 rims=1,3,37,7,27,14,8,5
SOL m=8 spokes=2,7,15,16,12,6,26,24 rims=1,3,32,5,20,9,34,10
SOL m=8 spokes=2,4,13,24,31,5,6,12 rims=1,21,11,27,14,20,3,39
SOL m=8 spokes=2,4,15,3,14,8,22,27 rims=1,20,13,19,9,34,6,38
SOL m=8 spokes=2,4,15,14,6,5,22,29 rims=1,31,11,12,13,27,3,38
SOL m=8 spokes=2,11,13,23,24,16,17,20 rims=1,3,5,9,12,10,32,6
SOL m=8 spokes=2,6,16,17,5,20,27,8 rims=1,9,31,4,30,12,3,38
SOL m=8 spokes=2,7,15,3,25,28,11,9 rims=1,19,4,38,6,33,8,21
SOL m=8 spokes=2,4,16,13,5,25,26,19 rims=1,10,12,8,6,37,3,33
SOL m=8 spokes=2,6,16,17,8,5,27,20 rims=1,12,3,38,4,30,9,31
SOL m=8 spokes=2,14,16,13,3,10,28,22 rims=1,7,4,33,6,34,9,20
SOL m=8 spokes=2,12,14,6,20,24,7,17 rims=1,4,11,33,10,25,3,39
SOL m=8 spokes=2,7,15,12,11,28,27,9 rims=1,3,22,10,23,8,36,5
SOL m=8 spokes=2,16,15,7,6,3,28,26 rims=1,13,12,27,11,20,4,36
SOL m=8 spokes=2,12,16,8,13,19,26,24 rims=1,5,4,3,14,30,11,22
SOL m=8 spokes=2,4,15,12,19,18,25,24 rims=1,6,32,9,26,5,3,10
SOL m=8 spokes=2,10,12,19,13,16,20,24 rims=1,6,11,27,4,5,3,41
SOL m=8 spokes=2,3,15,16,5,28,24,6 rims=1,13,12,23,10,32,4,37
SOL m=8 spokes=2,10,16,13,19,12,24,20 rims=1,6,11,27,4,5,3,41
SOL m=8 spokes=2,6,16,11,20,3,23,24 rims=1,32,10,21,7,8,4,37
SOL m=8 spokes=2,4,16,10,20,28,7,15 rims=1,5,37,3,26,13,8,33
SOL m=8 spokes=2,11,16,4,20,3,21,24 rims=1,12,26,8,9,33,10,29
SOL m=8 spokes=2,20,17,14,9,23,22,21 rims=1,6,4,28,5,3,15,12
SOL m=8 spokes=2,7,14,21,13,4,17,22 rims=1,9,3,39,5,32,8,33
SOL m=8 spokes=2,12,14,3,7,8,24,25 rims=1,17,6,29,13,30,4,40
SOL m=8 spokes=2,4,16,28,23,5,6,15 rims=1,12,24,11,26,14,3,41
SOL m=8 spokes=2,20,16,3,19,12,24,22 rims=1,9,8,29,4,7,6,30
SOL m=8 spokes=2,18,17,14,13,7,26,20 rims=1,3,5,36,6,23,12,10
SOL m=8 spokes=2,7,16,17,26,27,6,14 rims=1,4,35,3,12,25,11,9
SOL m=8 spokes=2,11,15,30,29,5,8,13 rims=1,3,6,21,12,22,14,25
SOL m=8 spokes=2,6,16,17,8,5,27,20 rims=1,31,9,4,30,12,3,38
SOL m=8 spokes=2,13,17,14,18,8,26,24 rims=1,4,7,23,6,9,3,33
SOL m=8 spokes=2,21,18,7,4,17,8,23 rims=1,13,3,34,5,31,11,32
SOL m=8 spokes=2,13,16,10,19,27,20,15 rims=1,3,38,6,5,9,17,7
SOL m=8 spokes=2,16,18,3,11,12,6,23 rims=1,32,10,21,4,36,7,37
SOL m=8 spokes=2,15,16,17,10,6,27,24 rims=1,13,7,4,5,28,3,35
SOL m=8 spokes=2,7,18,12,4,25,26,17 rims=1,9,31,3,36,5,8,15
SOL m=8 spokes=2,16,18,6,12,3,25,26 rims=1,33,7,10,13,11,4,35
SOL m=8 spokes=2,8,18,14,17,13,26,24 rims=1,4,3,9,30,6,23,10
SOL m=8 spokes=2,18,17,13,9,20,12,23 rims=1,3,7,28,16,8,34,5
SOL m=8 spokes=2,8,17,14,13,18,25,23 rims=1,5,24,4,3,9,34,10
SOL m=8 spokes=2,9,18,28,25,8,14,13 rims=1,3,12,7,33,11,24,5
SOL m=8 spokes=2,4,17,6,11,18,25,26 rims=1,33,7,16,5,9,3,38
SOL m=8 spokes=2,5,18,7,23,22,14,8 rims=1,33,11,6,4,39,3,35
SOL m=8 spokes=2,14,19,4,9,13,22,16 rims=1,7,5,33,10,34,3,39
SOL m=8 spokes=2,16,17,20,26,7,13,18 rims=1,5,3,37,4,10,21,11
SOL m=8 spokes=2,14,18,9,13,8,19,16 rims=1,3,35,6,36,7,5,39
SOL m=8 spokes=2,20,19,3,9,15,24,22 rims=1,7,32,6,30,10,4,12
SOL m=8 spokes=2,17,19,12,16,20,11,24 rims=1,4,34,8,7,3,6,25
SOL m=8 spokes=2,8,14,7,20,19,3,24 rims=1,29,13,12,6,35,4,36
SOL m=8 spokes=2,14,18,9,13,8,19,16 rims=1,5,7,36,4,35,3,41
SOL m=8 spokes=2,8,18,14,17,13,26,24 rims=1,4,7,23,6,33,3,9
SOL m=8 spokes=2,10,19,5,24,18,6,17 rims=1,13,31,9,3,29,4,38
SOL m=8 spokes=2,14,19,9,16,8,24,20 rims=1,5,37,4,3,12,13,31
SOL m=8 spokes=2,10,16,22,28,4,5,13 rims=1,8,11,25,12,31,3,39
SOL m=8 spokes=2,10,18,13,19,26,14,12 rims=1,3,8,9,34,7,35,5
SOL m=8 spokes=2,17,20,11,12,7,23,19 rims=1,15,6,4,33,5,3,41
SOL m=8 spokes=2,7,18,25,26,4,12,17 rims=1,9,31,3,36,5,8,15
SOL m=8 spokes=2,8,17,10,14,13,26,25 rims=1,3,24,20,9,32,5,6
SOL m=8 spokes=2,10,19,13,22,25,7,18 rims=1,3,30,6,8,34,5,11
SOL m=8 spokes=2,15,20,12,17,6,23,24 rims=1,9,4,3,31,11,5,28
SOL m=8 spokes=2,4,16,10,7,15,20,28 rims=1,5,37,3,26,13,8,33
SOL m=8 spokes=2,4,18,32,19,9,12,6 rims=1,7,28,5,17,26,3,39
SOL m=8 spokes=2,17,20,23,24,10,11,19 rims=1,3,15,6,32,5,9,7
SOL m=8 spokes=2,20,19,8,14,7,3,24 rims=1,29,13,12,6,35,4,36
SOL m=8 spokes=2,16,20,3,23,24,12,18 rims=1,9,8,29,4,7,6,30
SOL m=8 spokes=2,17,20,10,13,24,19,18 rims=1,3,37,6,5,9,16,7
SOL m=8 spokes=2,17,20,4,16,9,8,23 rims=1,14,5,30,7,31,3,41
SOL m=8 spokes=2,4,22,21,6,15,12,5 rims=1,29,13,31,7,32,3,40
SOL m=8 spokes=2,17,20,23,24,10,14,19 rims=1,4,28,7,6,15,3,8
SOL m=8 spokes=2,19,22,10,13,6,21,20 rims=1,17,27,11,3,4,5,36
SOL m=8 spokes=2,5,20,25,21,12,8,19 rims=1,15,3,6,36,7,4,34
SOL m=8 spokes=2,17,20,14,10,23,24,19 rims=1,4,28,7,6,15,3,8
SOL m=8 spokes=2,17,21,12,22,13,16,19 rims=1,3,5,6,20,7,35,9
SOL m=8 spokes=2,3,23,24,5,19,9,15 rims=1,29,6,10,31,13,4,36
SOL m=8 spokes=2,17,20,10,11,23,24,19 rims=1,3,15,6,32,5,9,7
SOL m=8 spokes=2,3,19,31,20,13,9,5 rims=1,26,4,10,7,35,6,37
SOL m=8 spokes=2,4,18,32,19,9,12,6 rims=1,28,7,26,17,5,3,39
SOL m=8 spokes=2,6,22,13,8,21,3,20 rims=1,17,12,32,7,31,4,36
SOL m=8 spokes=2,15,20,12,17,23,9,16 rims=1,5,8,10,30,4,3,41
SOL m=8 spokes=2,8,24,10,14,11,15,20 rims=1,5,27,9,33,4,3,40
SOL m=8 spokes=2,18,22,9,15,21,10,20 rims=1,5,26,8,36,4,3,13
SOL m=8 spokes=2,7,24,31,12,6,3,11 rims=1,21,20,9,16,28,4,39
SOL m=8 spokes=2,20,22,9,17,6,14,21 rims=1,3,7,35,5,13,12,32
SOL m=8 spokes=2,7,23,28,3,4,14,15 rims=1,12,24,20,9,31,8,33
SOL m=8 spokes=2,14,24,21,13,20,4,19 rims=1,9,3,5,11,31,7,29
SOL m=8 spokes=2,5,18,8,14,23,22,21 rims=1,33,9,3,4,11,6,37
SOL m=8 spokes=2,15,17,23,12,20,9,16 rims=1,5,8,10,30,4,3,41
SOL m=8 spokes=2,6,23,27,7,14,15,12 rims=1,4,40,3,28,8,24,10
SOL m=8 spokes=2,5,24,34,20,9,8,7 rims=1,29,6,17,4,15,3,37
SOL m=8 spokes=2,13,24,14,15,5,8,20 rims=1,3,9,31,11,30,6,37
SOL m=8 spokes=2,14,24,15,19,16,8,20 rims=1,6,5,4,38,3,25,12
SOL m=8 spokes=2,6,23,27,7,14,15,12 rims=1,10,24,4,40,3,5,31
SOL m=8 spokes=2,3,24,34,16,9,4,5 rims=1,22,13,17,27,15,10,31
SOL m=8 spokes=2,18,17,13,12,23,9,20 rims=1,3,7,28,16,8,34,5
SOL m=8 spokes=2,17,20,4,9,14,23,24 rims=1,7,12,30,5,10,3,36
SOL m=8 spokes=2,8,24,10,14,11,15,20 rims=1,36,6,27,5,4,3,40
SOL m=8 spokes=2,8,24,11,15,10,14,20 rims=1,5,27,9,33,4,3,40
SOL m=8 spokes=2,13,20,3,23,6,15,21 rims=1,11,29,4,10,32,7,30
SOL m=8 spokes=2,14,24,21,13,20,4,19 rims=1,11,31,5,3,7,9,29
SOL m=8 spokes=2,18,20,9,23,12,15,19 rims=1,4,36,8,26,3,10,6
SOL m=8 spokes=2,3,26,27,5,14,10,6 rims=1,24,19,23,21,18,4,34
SOL m=8 spokes=2,10,26,32,12,7,3,11 rims=1,30,6,19,8,16,4,40
SOL m=8 spokes=2,6,25,26,13,8,5,16 rims=1,35,9,3,20,17,4,39
SOL m=8 spokes=2,3,26,27,8,17,13,6 rims=1,24,18,4,31,7,5,36
SOL m=8 spokes=2,5,24,27,18,6,17,10 rims=1,3,36,7,31,9,12,13
SOL m=8 spokes=2,14,26,22,11,17,18,16 rims=1,4,8,15,6,3,7,34
SOL m=8 spokes=2,8,24,11,15,10,14,20 rims=1,36,6,27,5,4,3,40
SOL m=8 spokes=2,7,24,23,12,11,15,9 rims=1,28,3,5,37,6,4,40
SOL m=8 spokes=2,4,28,22,6,14,5,15 rims=1,31,13,12,23,17,3,38
SOL m=8 spokes=2,4,29,18,15,7,12,6 rims=1,32,8,34,3,23,5,38
SOL m=8 spokes=2,3,23,24,15,9,19,5 rims=1,30,10,6,7,37,4,35
SOL m=8 spokes=2,7,26,27,16,17,6,14 rims=1,4,35,3,12,25,11,9
SOL m=8 spokes=2,14,22,13,9,4,19,16 rims=1,35,8,34,3,7,5,39
SOL m=8 spokes=2,10,29,28,12,11,6,15 rims=1,23,19,17,3,4,5,32
SOL m=8 spokes=2,4,26,34,18,6,3,9 rims=1,11,19,14,17,25,16,23
SOL m=8 spokes=2,4,30,29,6,5,11,14 rims=1,22,3,21,16,26,12,27
SOL m=8 spokes=3,5,4,6,10,32,24,12 rims=1,25,8,23,20,19,2,40
SOL m=8 spokes=3,12,4,26,11,18,16,13 rims=1,5,32,8,33,2,34,9
SOL m=8 spokes=3,10,4,8,9,17,33,22 rims=1,14,2,38,6,29,5,23
SOL m=8 spokes=2,8,26,27,17,10,7,13 rims=1,4,16,6,38,3,11,31
SOL m=8 spokes=3,9,4,5,13,15,23,25 rims=1,11,10,31,6,33,2,42
SOL m=8 spokes=3,9,4,10,8,25,33,14 rims=1,15,5,21,6,38,2,30
SOL m=8 spokes=2,4,26,30,18,12,11,5 rims=1,7,3,33,6,21,19,24
SOL m=8 spokes=2,3,25,26,9,5,14,10 rims=1,20,24,18,4,37,6,32
SOL m=8 spokes=3,5,4,9,16,32,24,6 rims=1,17,13,26,8,23,2,42
SOL m=8 spokes=2,11,28,20,8,12,7,13 rims=1,5,39,4,34,3,26,16
SOL m=8 spokes=3,20,4,12,18,13,23,24 rims=1,10,9,5,34,6,2,29
SOL m=8 spokes=2,3,25,31,17,13,4,5 rims=1,9,32,11,28,12,14,23
SOL m=8 spokes=2,12,29,30,6,7,11,14 rims=1,3,22,5,28,10,24,15
SOL m=8 spokes=3,9,4,5,23,25,13,15 rims=1,11,10,31,6,33,2,42
SOL m=8 spokes=2,6,31,24,8,3,11,12 rims=1,22,16,21,7,25,4,40
SOL m=8 spokes=3,12,4,26,11,18,16,13 rims=1,9,34,2,6,35,5,32
SOL m=8 spokes=3,9,4,23,21,10,8,18 rims=1,15,5,37,6,38,2,34
SOL m=8 spokes=3,6,5,4,9,13,33,22 rims=1,24,20,21,2,32,11,29
SOL m=8 spokes=3,12,4,8,6,13,30,31 rims=1,14,26,2,27,5,19,22
SOL m=8 spokes=2,6,25,26,5,8,13,16 rims=1,3,20,17,12,31,9,35
SOL m=8 spokes=2,4,30,27,14,13,8,7 rims=1,5,36,3,23,19,9,24
SOL m=8 spokes=3,16,5,11,4,10,19,28 rims=1,17,12,25,6,34,2,41
SOL m=8 spokes=3,16,5,6,14,7,15,27 rims=1,25,11,24,4,40,2,37
SOL m=8 spokes=3,20,4,14,19,12,24,21 rims=1,9,2,6,31,5,13,29
SOL m=8 spokes=2,4,29,28,15,12,9,6 rims=1,22,20,5,3,36,7,26
SOL m=8 spokes=3,4,5,14,6,23,29,16 rims=1,24,12,7,31,13,2,40
SOL m=8 spokes=3,12,5,6,10,11,24,32 rims=1,19,7,21,4,31,2,39
SOL m=8 spokes=3,4,5,15,6,23,29,16 rims=1,36,7,17,13,12,2,40
SOL m=8 spokes=3,6,5,7,17,9,21,25 rims=1,18,11,33,2,39,4,36
SOL m=8 spokes=3,12,5,17,10,27,6,14 rims=1,33,2,38,4,21,7,36
SOL m=8 spokes=3,15,4,14,16,18,9,26 rims=1,27,8,2,34,5,6,37
SOL m=8 spokes=3,4,5,6,24,32,17,7 rims=1,25,15,19,14,16,2,42
SOL m=8 spokes=3,6,5,4,9,16,35,27 rims=1,17,11,23,2,24,13,29
SOL m=8 spokes=3,6,5,25,21,7,17,9 rims=1,18,11,33,2,39,4,36
SOL m=8 spokes=3,8,4,28,29,13,6,11 rims=1,26,12,18,5,20,2,42
SOL m=8 spokes=3,4,5,20,31,22,13,10 rims=1,6,37,2,19,9,29,11
SOL m=8 spokes=3,13,4,28,19,5,11,16 rims=1,25,17,10,2,34,6,37
SOL m=8 spokes=3,10,4,11,15,30,28,12 rims=1,5,8,9,20,24,2,35
SOL m=8 spokes=2,17,10,3,19,13,24,25 rims=1,8,14,4,7,33,6,31
SOL m=8 spokes=3,6,5,18,30,23,4,14 rims=1,16,11,31,12,13,2,38
SOL m=8 spokes=3,8,6,4,10,11,27,28 rims=1,21,5,24,20,23,2,40
SOL m=8 spokes=3,5,4,26,33,14,6,8 rims=1,20,15,27,16,28,2,23
SOL m=8 spokes=3,20,6,12,8,21,10,23 rims=1,25,17,2,5,34,4,36
SOL m=8 spokes=3,20,6,18,7,19,8,23 rims=1,4,31,2,32,12,24,16
SOL m=8 spokes=3,8,6,16,4,14,28,21 rims=1,38,5,18,15,11,2,40
SOL m=8 spokes=3,10,5,12,13,14,31,25 rims=1,20,7,33,9,2,4,28
SOL m=8 spokes=3,8,6,4,10,11,27,28 rims=1,21,23,20,5,24,2,40
SOL m=8 spokes=3,8,6,4,10,11,24,25 rims=1,37,5,21,23,20,2,39
SOL m=8 spokes=3,10,6,4,5,24,33,16 rims=1,17,2,23,12,29,13,31
SOL m=8 spokes=3,4,6,15,17,10,27,22 rims=1,7,34,2,38,5,24,11
SOL m=8 spokes=3,8,6,4,27,28,10,11 rims=1,21,5,24,20,23,2,40
SOL m=8 spokes=3,20,7,19,6,18,8,23 rims=1,4,31,2,32,12,24,16
SOL m=8 spokes=3,4,7,5,11,26,32,16 rims=1,12,22,6,38,2,17,24
SOL m=8 spokes=3,13,5,28,27,7,6,16 rims=1,24,2,15,22,14,4,38
SOL m=8 spokes=3,4,7,16,11,5,28,22 rims=1,24,13,17,6,34,2,41
SOL m=8 spokes=3,8,6,4,24,25,10,11 rims=1,37,5,21,23,20,2,39
SOL m=8 spokes=3,8,6,4,27,28,10,11 rims=1,21,23,20,5,24,2,40
SOL m=8 spokes=3,4,7,17,9,15,26,27 rims=1,24,14,23,5,6,2,39
SOL m=8 spokes=3,16,5,7,15,6,14,27 rims=1,24,12,26,2,35,4,40
SOL m=8 spokes=3,10,8,6,4,31,32,13 rims=1,25,5,22,2,18,15,28
SOL m=8 spokes=3,16,6,15,5,7,14,27 rims=1,24,12,26,2,35,4,40
SOL m=8 spokes=3,5,6,7,16,32,20,8 rims=1,17,11,30,4,29,2,42
SOL m=8 spokes=3,12,6,7,5,24,32,16 rims=1,25,4,14,20,13,2,41
SOL m=8 spokes=3,8,6,4,27,28,10,11 rims=1,24,5,21,23,20,2,40
SOL m=8 spokes=3,15,7,19,23,9,18,20 rims=1,13,4,40,2,6,5,31
SOL m=8 spokes=3,10,8,6,4,31,32,13 rims=1,25,18,15,5,22,2,28
SOL m=8 spokes=3,4,7,8,23,31,21,9 rims=1,5,14,22,15,18,2,41
SOL m=8 spokes=3,17,6,8,13,4,26,27 rims=1,14,22,2,18,23,5,37
SOL m=8 spokes=3,4,8,9,14,16,26,28 rims=1,6,21,2,31,10,5,38
SOL m=8 spokes=3,9,8,17,33,22,4,10 rims=1,14,2,38,6,29,5,23
SOL m=8 spokes=3,16,8,4,18,25,6,19 rims=1,31,5,12,30,13,2,38
SOL m=8 spokes=3,12,7,16,8,27,6,17 rims=1,31,4,38,2,21,5,36
SOL m=8 spokes=3,7,8,26,27,12,10,16 rims=1,21,4,2,39,5,9,31
SOL m=8 spokes=3,13,8,16,24,22,20,18 rims=1,5,4,39,2,10,7,14
SOL m=8 spokes=3,6,9,10,8,15,34,23 rims=1,19,22,5,2,26,4,35
SOL m=8 spokes=3,19,8,24,22,13,7,20 rims=1,5,4,34,2,12,23,17
SOL m=8 spokes=3,8,6,4,10,11,27,28 rims=1,24,5,21,23,20,2,40
SOL m=8 spokes=3,16,8,18,9,19,20,24 rims=1,6,4,26,5,39,2,13
SOL m=8 spokes=3,13,9,7,16,14,15,26 rims=1,4,2,32,11,30,8,36
SOL m=8 spokes=3,8,6,14,10,28,27,15 rims=1,4,7,12,20,24,2,38
SOL m=8 spokes=3,12,8,27,6,17,7,16 rims=1,31,4,38,2,21,5,36
SOL m=8 spokes=3,9,8,25,33,14,4,10 rims=1,15,5,21,6,38,2,30
SOL m=8 spokes=3,6,9,8,20,7,19,24 rims=1,17,4,37,5,38,2,34
SOL m=8 spokes=3,4,8,9,23,32,21,10 rims=1,16,6,28,15,5,2,37
SOL m=8 spokes=3,8,9,21,33,14,7,11 rims=1,26,5,13,30,4,2,37
SOL m=8 spokes=3,4,7,28,26,14,8,9 rims=1,19,6,38,5,22,2,39
SOL m=8 spokes=3,13,9,19,5,7,25,24 rims=1,35,4,11,6,21,2,40
SOL m=8 spokes=3,7,10,14,15,9,27,29 rims=1,4,2,24,11,20,8,32
SOL m=8 spokes=3,4,5,6,22,35,14,7 rims=1,23,21,16,15,28,2,32
SOL m=8 spokes=3,12,10,5,26,4,18,15 rims=1,31,11,22,2,37,6,34
SOL m=8 spokes=3,6,9,7,19,8,20,24 rims=1,34,4,40,2,16,5,36
SOL m=8 spokes=3,9,7,16,23,15,5,20 rims=1,33,4,38,6,11,2,39
SOL m=8 spokes=3,11,10,6,4,28,26,12 rims=1,20,5,19,8,33,2,42
SOL m=8 spokes=3,19,10,15,17,11,25,22 rims=1,4,12,31,7,2,6,23
SOL m=8 spokes=3,7,11,9,15,30,20,10 rims=1,5,8,24,4,34,2,42
SOL m=8 spokes=3,7,11,16,17,15,27,25 rims=1,5,4,35,2,8,21,12
SOL m=8 spokes=3,11,9,5,24,20,10,17 rims=1,6,36,2,30,14,4,39
SOL m=8 spokes=3,8,11,29,22,7,13,12 rims=1,5,4,27,17,26,2,38
SOL m=8 spokes=3,14,9,17,15,16,23,27 rims=1,21,7,4,2,8,5,34
SOL m=8 spokes=3,8,11,25,31,19,12,10 rims=1,4,32,6,7,2,24,16
SOL m=8 spokes=3,6,12,13,5,18,20,22 rims=1,37,4,10,29,7,2,42
SOL m=8 spokes=3,11,10,28,26,6,4,12 rims=1,20,5,19,8,33,2,42
SOL m=8 spokes=3,11,10,26,22,4,9,17 rims=1,5,18,16,8,36,2,40
SOL m=8 spokes=3,9,7,16,23,15,5,20 rims=1,33,6,11,2,40,4,37
SOL m=8 spokes=3,10,11,13,9,15,24,29 rims=1,7,36,5,17,4,2,30
SOL m=8 spokes=3,4,12,17,6,23,25,7 rims=1,32,2,14,8,36,5,38
SOL m=8 spokes=3,18,9,4,8,10,21,23 rims=1,15,5,37,6,38,2,34
SOL m=8 spokes=3,12,11,18,5,20,22,24 rims=1,6,37,2,26,15,4,9
SOL m=8 spokes=3,8,11,10,25,32,16,12 rims=1,4,30,9,29,2,15,6
SOL m=8 spokes=3,4,12,13,21,23,7,18 rims=1,5,9,29,8,32,2,42
SOL m=8 spokes=3,13,12,7,22,30,16,14 rims=1,4,2,9,31,8,24,17
SOL m=8 spokes=3,5,10,32,24,12,4,6 rims=1,25,8,23,20,19,2,40
SOL m=8 spokes=3,8,11,29,22,7,13,12 rims=1,27,17,26,5,4,2,38
SOL m=8 spokes=3,4,10,23,29,21,12,7 rims=1,18,2,6,34,9,5,37
SOL m=8 spokes=3,16,12,17,18,19,11,25 rims=1,6,4,5,8,24,2,38
SOL m=8 spokes=3,18,11,10,6,23,19,21 rims=1,15,5,2,38,4,8,35
SOL m=8 spokes=3,17,12,7,13,11,19,27 rims=1,4,2,35,8,33,9,20
SOL m=8 spokes=3,9,12,18,8,19,26,24 rims=1,4,10,6,7,23,2,39
SOL m=8 spokes=3,17,13,4,6,11,26,27 rims=1,34,8,10,2,20,5,36
SOL m=8 spokes=3,17,12,7,13,11,19,27 rims=1,4,37,6,2,33,9,20
SOL m=8 spokes=3,9,14,19,12,24,4,20 rims=1,10,25,5,31,6,2,40
SOL m=8 spokes=3,6,12,4,8,13,18,31 rims=1,33,5,23,9,27,2,40
SOL m=8 spokes=3,10,12,22,24,4,18,19 rims=1,5,8,9,11,33,2,37
SOL m=8 spokes=3,15,14,7,21,23,13,18 rims=1,5,4,8,11,29,2,42
SOL m=8 spokes=3,4,14,6,30,25,12,7 rims=1,19,8,35,5,36,2,22
SOL m=8 spokes=3,14,13,8,6,15,30,26 rims=1,4,17,10,2,35,7,24
SOL m=8 spokes=3,12,15,4,5,10,23,29 rims=1,31,9,2,19,24,6,36
SOL m=8 spokes=3,14,13,12,8,6,30,23 rims=1,4,24,10,7,25,2,39
SOL m=8 spokes=3,14,15,8,13,9,29,25 rims=1,19,2,5,26,4,6,35
SOL m=8 spokes=3,5,12,4,13,17,30,19 rims=1,10,27,14,26,2,6,38
SOL m=8 spokes=3,13,15,6,14,20,28,24 rims=1,11,5,2,8,32,4,21
SOL m=8 spokes=3,6,12,5,7,17,21,25 rims=1,35,9,34,4,14,2,39
SOL m=8 spokes=3,15,14,4,26,9,18,16 rims=1,27,8,2,34,5,6,37
SOL m=8 spokes=3,16,15,8,23,25,14,19 rims=1,9,4,2,5,31,12,20
SOL m=8 spokes=3,16,15,4,14,9,19,28 rims=1,10,31,5,21,6,2,38
SOL m=8 spokes=3,16,15,9,14,4,24,28 rims=1,21,2,8,26,5,6,35
SOL m=8 spokes=3,13,16,17,11,5,12,26 rims=1,32,4,6,38,2,7,34
SOL m=8 spokes=3,13,16,18,12,4,11,26 rims=1,5,32,8,33,2,34,9
SOL m=8 spokes=3,4,15,5,16,29,23,6 rims=1,36,7,17,13,12,2,40
SOL m=8 spokes=3,13,16,18,12,4,11,26 rims=1,9,34,2,6,35,5,32
SOL m=8 spokes=3,11,13,12,14,7,21,29 rims=1,4,22,9,28,2,6,38
SOL m=8 spokes=3,8,14,28,29,12,13,10 rims=1,5,25,19,4,7,2,33
SOL m=8 spokes=3,18,12,11,20,22,24,19 rims=1,4,17,26,2,6,7,9
SOL m=8 spokes=3,13,16,14,9,7,15,26 rims=1,4,2,32,11,30,8,36
SOL m=8 spokes=3,16,18,8,14,20,26,19 rims=1,4,2,7,15,10,31,12
SOL m=8 spokes=3,6,17,5,22,27,7,9 rims=1,34,4,19,21,16,2,41
SOL m=8 spokes=3,8,16,4,17,18,27,24 rims=1,9,5,6,23,13,2,37
SOL m=8 spokes=3,16,17,7,9,15,21,27 rims=1,4,29,6,8,11,2,39
SOL m=8 spokes=3,13,18,12,24,23,4,20 rims=1,10,9,5,34,6,2,29
SOL m=8 spokes=3,16,19,18,12,17,11,25 rims=1,6,4,5,8,24,2,38
SOL m=8 spokes=3,19,13,18,23,11,9,20 rims=1,4,2,15,25,10,34,7
SOL m=8 spokes=3,15,16,6,25,11,7,18 rims=1,4,35,2,36,8,12,30
SOL m=8 spokes=3,19,18,12,10,24,4,20 rims=1,5,35,2,9,17,8,33
SOL m=8 spokes=3,12,11,18,24,22,5,20 rims=1,6,37,2,26,15,4,9
SOL m=8 spokes=3,10,17,6,21,8,23,22 rims=1,12,15,4,37,5,2,34
SOL m=8 spokes=3,8,20,22,7,21,6,11 rims=1,34,5,12,4,40,2,36
SOL m=8 spokes=3,16,19,17,11,18,12,25 rims=1,6,4,5,8,24,2,38
SOL m=8 spokes=3,15,19,20,13,6,14,24 rims=1,4,36,2,10,31,11,7
SOL m=8 spokes=3,18,14,10,12,6,22,23 rims=1,4,7,31,8,19,2,42
SOL m=8 spokes=3,6,14,16,28,24,4,9 rims=1,11,2,39,5,21,8,35
SOL m=8 spokes=3,18,19,13,14,7,21,23 rims=1,11,4,5,38,6,2,27
SOL m=8 spokes=3,14,20,25,7,16,15,17 rims=1,4,2,11,32,12,26,8
SOL m=8 spokes=3,21,20,6,4,13,11,22 rims=1,29,8,10,2,36,5,39
SOL m=8 spokes=3,11,13,26,28,9,4,14 rims=1,5,19,2,36,8,10,33
SOL m=8 spokes=3,18,21,19,7,17,8,23 rims=1,5,34,9,4,12,2,31
SOL m=8 spokes=3,6,20,7,8,9,19,24 rims=1,17,4,37,5,38,2,34
SOL m=8 spokes=3,15,21,5,10,14,23,22 rims=1,6,12,4,30,9,2,40
SOL m=8 spokes=3,6,21,5,9,13,20,22 rims=1,32,7,10,4,40,2,36
SOL m=8 spokes=3,15,21,5,10,14,23,22 rims=1,11,7,9,30,4,2,40
SOL m=8 spokes=3,6,20,5,22,21,13,9 rims=1,37,7,10,2,32,4,39
SOL m=8 spokes=3,20,19,4,15,23,13,21 rims=1,5,9,2,10,29,8,30
SOL m=8 spokes=3,12,20,25,18,4,14,15 rims=1,9,13,31,5,6,2,41
SOL m=8 spokes=3,6,20,21,13,9,5,22 rims=1,36,2,32,7,10,4,40
SOL m=8 spokes=3,20,21,9,10,19,5,23 rims=1,16,11,7,34,4,2,35
SOL m=8 spokes=3,6,20,21,13,9,5,22 rims=1,37,7,10,4,32,2,39
SOL m=8 spokes=3,4,19,14,12,6,23,24 rims=1,33,8,21,11,2,5,39
SOL m=8 spokes=3,16,19,18,7,12,17,25 rims=1,13,27,2,6,5,4,38
SOL m=8 spokes=3,19,20,12,8,18,14,24 rims=1,4,25,10,6,7,2,39
SOL m=8 spokes=3,7,21,25,20,8,19,10 rims=1,12,4,2,34,9,5,37
SOL m=8 spokes=3,20,19,4,15,23,13,21 rims=1,5,9,30,8,29,2,10
SOL m=8 spokes=3,6,24,12,11,20,10,19 rims=1,7,2,36,4,37,5,28
SOL m=8 spokes=3,6,24,12,10,19,11,20 rims=1,7,2,36,4,37,5,28
SOL m=8 spokes=3,16,22,11,21,7,17,19 rims=1,5,4,8,34,2,13,31
SOL m=8 spokes=3,16,21,14,15,6,23,19 rims=1,28,4,7,5,8,2,41
SOL m=8 spokes=3,6,26,25,14,18,16,9 rims=1,32,4,7,5,8,2,37
SOL m=8 spokes=3,10,26,22,4,17,9,11 rims=1,5,18,16,8,36,2,40
SOL m=8 spokes=3,13,23,8,15,17,19,16 rims=1,4,10,2,7,37,6,35
SOL m=8 spokes=3,10,25,24,4,6,8,13 rims=1,39,5,21,15,20,2,41
SOL m=8 spokes=3,19,21,15,17,11,10,22 rims=1,5,23,12,4,40,2,7
SOL m=8 spokes=3,7,31,26,13,11,12,10 rims=1,8,22,2,4,35,5,27
SOL m=8 spokes=3,19,20,18,14,12,8,24 rims=1,4,25,10,6,7,2,39
SOL m=8 spokes=3,9,15,7,19,5,23,24 rims=1,35,2,11,6,21,4,40
SOL m=8 spokes=3,17,21,15,19,13,8,20 rims=1,6,4,5,26,12,2,42
SOL m=8 spokes=3,5,24,26,20,4,16,13 rims=1,10,2,32,6,35,8,14
SOL m=8 spokes=3,4,19,14,12,6,23,24 rims=1,33,11,21,8,5,2,39
SOL m=8 spokes=3,8,32,23,10,4,6,11 rims=1,24,17,20,2,28,5,39
SOL m=8 spokes=3,5,26,28,17,9,13,10 rims=1,6,2,40,4,21,11,23
SOL m=8 spokes=4,6,5,17,10,7,25,27 rims=1,18,8,20,2,36,3,40
SOL m=8 spokes=3,6,31,24,13,5,4,9 rims=1,25,12,20,18,21,2,41
SOL m=8 spokes=3,12,31,30,4,8,6,13 rims=1,14,26,2,27,5,19,22
SOL m=8 spokes=3,21,20,13,11,6,4,22 rims=1,29,8,10,2,36,5,39
SOL m=8 spokes=3,10,31,30,4,6,8,13 rims=1,20,2,26,15,27,5,24
SOL m=8 spokes=4,7,5,8,6,14,36,24 rims=1,26,2,23,16,17,3,34
SOL m=8 spokes=3,8,32,23,10,4,6,11 rims=1,24,20,17,5,28,2,39
SOL m=8 spokes=4,19,6,21,8,11,20,23 rims=1,2,33,5,13,9,7,36
SOL m=8 spokes=4,11,6,8,9,28,29,16 rims=1,17,14,7,23,3,2,41
SOL m=8 spokes=4,18,6,24,23,15,7,20 rims=1,2,14,22,12,5,32,8
SOL m=8 spokes=4,17,7,16,5,25,23,19 rims=1,2,13,21,10,8,6,37
SOL m=8 spokes=4,7,6,5,27,32,17,8 rims=1,2,26,16,25,18,11,19
SOL m=8 spokes=4,8,7,21,10,20,5,23 rims=1,35,2,32,6,16,3,39
SOL m=8 spokes=4,9,7,12,10,22,32,18 rims=1,5,3,35,2,13,20,23
SOL m=8 spokes=4,6,5,21,26,7,14,17 rims=1,15,29,8,2,39,3,33
SOL m=8 spokes=4,8,7,21,10,20,5,23 rims=1,36,6,16,3,32,2,38
SOL m=8 spokes=4,7,6,22,28,17,5,8 rims=1,19,18,13,3,38,2,42
SOL m=8 spokes=4,8,6,12,5,21,32,18 rims=1,2,17,14,28,15,7,34
SOL m=8 spokes=3,6,26,27,16,17,12,8 rims=1,31,10,11,2,5,4,36
SOL m=8 spokes=4,15,7,9,12,14,26,25 rims=1,5,17,3,28,8,2,42
SOL m=8 spokes=4,5,6,7,9,16,32,24 rims=1,2,17,25,18,26,8,27
SOL m=8 spokes=4,14,8,11,5,18,16,23 rims=1,2,38,6,33,10,7,35
SOL m=8 spokes=4,20,7,13,18,8,23,24 rims=1,2,14,26,9,10,29,5
SOL m=8 spokes=4,5,6,7,9,16,32,24 rims=1,2,26,8,27,17,25,18
SOL m=8 spokes=3,8,21,7,20,22,6,11 rims=1,34,5,12,4,40,2,36
SOL m=8 spokes=4,6,7,9,10,23,33,12 rims=1,2,36,5,26,8,20,24
SOL m=8 spokes=3,15,27,25,7,16,11,17 rims=1,5,4,35,2,21,8,12
SOL m=8 spokes=4,13,8,15,10,17,27,26 rims=1,2,22,7,9,11,33,5
SOL m=8 spokes=3,7,31,25,13,12,11,10 rims=1,29,4,5,21,6,2,38
SOL m=8 spokes=4,6,8,17,10,20,5,19 rims=1,30,2,41,3,35,7,33
SOL m=8 spokes=4,19,8,11,20,23,6,21 rims=1,2,33,5,13,9,7,36
SOL m=8 spokes=4,6,8,10,19,29,24,7 rims=1,20,18,22,9,2,3,41
SOL m=8 spokes=4,6,8,10,21,34,18,9 rims=1,32,3,20,11,2,5,36
SOL m=8 spokes=4,14,7,21,26,6,15,17 rims=1,2,16,12,32,5,34,8
SOL m=8 spokes=4,21,7,5,10,20,8,23 rims=1,35,2,32,6,16,3,39
SOL m=8 spokes=4,19,8,11,18,21,9,23 rims=1,6,33,10,14,2,3,35
SOL m=8 spokes=4,20,9,17,6,18,19,24 rims=1,11,29,14,2,5,3,31
SOL m=8 spokes=4,5,8,10,20,29,22,11 rims=1,17,6,7,2,41,3,35
SOL m=8 spokes=4,20,9,15,8,14,22,24 rims=1,6,10,11,25,2,3,40
SOL m=8 spokes=4,17,8,16,7,23,18,21 rims=1,2,30,13,6,36,5,9
SOL m=8 spokes=4,17,9,22,14,21,20,19 rims=1,5,2,8,3,32,12,15
SOL m=8 spokes=4,8,7,16,10,5,15,27 rims=1,38,6,30,3,26,2,40
SOL m=8 spokes=4,9,7,8,6,16,35,22 rims=1,26,14,18,19,2,3,33
SOL m=8 spokes=4,20,8,18,13,7,24,23 rims=1,2,14,26,9,10,29,5
SOL m=8 spokes=4,8,9,10,7,24,31,12 rims=1,2,27,17,6,37,5,25
SOL m=8 spokes=4,7,6,13,35,19,5,8 rims=1,28,16,22,2,34,3,30
SOL m=8 spokes=4,15,9,16,18,8,10,21 rims=1,6,5,38,2,32,3,41
SOL m=8 spokes=4,16,10,5,7,8,15,27 rims=1,38,6,30,3,26,2,40
SOL m=8 spokes=4,21,7,5,10,20,8,23 rims=1,36,6,16,3,32,2,38
SOL m=8 spokes=4,5,9,27,24,14,11,12 rims=1,6,34,3,22,8,2,42
SOL m=8 spokes=4,5,9,14,11,27,24,12 rims=1,6,34,3,22,8,2,42
SOL m=8 spokes=4,15,8,7,6,9,29,19 rims=1,30,2,18,5,38,3,39
SOL m=8 spokes=4,12,9,10,11,17,28,24 rims=1,6,25,5,3,16,2,42
SOL m=8 spokes=4,7,10,13,11,12,26,31 rims=1,23,6,3,2,32,8,27
SOL m=8 spokes=4,8,10,12,7,23,32,18 rims=1,2,19,24,13,9,29,5
SOL m=8 spokes=4,17,10,19,12,24,21,20 rims=1,2,7,11,15,27,8,5
SOL m=8 spokes=4,6,10,7,17,33,18,9 rims=1,29,12,8,36,2,3,31
SOL m=8 spokes=4,15,10,25,20,18,17,16 rims=1,7,12,11,2,3,6,38
SOL m=8 spokes=4,15,10,22,13,21,20,19 rims=1,11,16,2,5,3,6,38
SOL m=8 spokes=4,9,10,11,8,19,32,16 rims=1,2,5,33,6,31,13,21
SOL m=8 spokes=4,10,9,11,14,16,30,22 rims=1,2,6,37,5,12,7,28
SOL m=8 spokes=4,8,7,5,12,10,21,27 rims=1,22,2,40,3,38,6,30
SOL m=8 spokes=4,21,10,20,8,7,5,23 rims=1,35,2,32,6,16,3,39
SOL m=8 spokes=4,7,10,13,11,12,23,28 rims=1,31,6,3,5,24,2,42
SOL m=8 spokes=4,6,11,18,8,17,26,25 rims=1,9,7,13,27,2,3,38
SOL m=8 spokes=4,10,11,26,12,14,9,17 rims=1,6,38,3,5,37,2,32
SOL m=8 spokes=4,19,5,16,17,10,8,23 rims=1,2,32,6,37,7,11,30
SOL m=8 spokes=4,16,11,21,13,22,23,19 rims=1,6,14,28,3,2,10,8
SOL m=8 spokes=4,7,11,5,13,14,29,30 rims=1,2,8,23,16,22,6,26
SOL m=8 spokes=4,20,11,13,18,8,23,24 rims=1,2,5,9,30,10,6,25
SOL m=8 spokes=4,16,10,22,24,13,15,20 rims=1,6,2,3,18,9,32,11
SOL m=8 spokes=4,13,11,14,12,6,30,26 rims=1,21,3,5,31,2,7,28
SOL m=8 spokes=4,17,9,7,14,12,26,27 rims=1,2,6,22,10,15,5,37
SOL m=8 spokes=4,19,11,8,21,18,9,23 rims=1,6,33,10,14,2,3,35
SOL m=8 spokes=4,7,11,5,29,30,13,14 rims=1,2,8,23,16,22,6,26
SOL m=8 spokes=4,16,11,6,13,14,27,28 rims=1,7,12,9,23,3,2,35
SOL m=8 spokes=4,8,12,9,10,26,32,11 rims=1,6,27,2,3,28,15,24
SOL m=8 spokes=4,16,11,14,17,8,9,27 rims=1,5,32,2,29,7,3,39
SOL m=8 spokes=4,8,12,9,7,29,27,14 rims=1,2,30,10,18,24,20,5
SOL m=8 spokes=4,20,12,18,9,7,24,23 rims=1,5,26,8,2,37,3,14
SOL m=8 spokes=4,14,12,13,11,6,30,26 rims=1,21,3,5,31,2,7,28
SOL m=8 spokes=4,20,9,11,19,18,21,24 rims=1,5,12,14,2,34,3,7
SOL m=8 spokes=4,18,12,10,22,20,7,21 rims=1,2,35,9,27,15,8,5
SOL m=8 spokes=4,18,12,19,13,24,22,20 rims=1,5,10,11,3,27,2,7
SOL m=8 spokes=4,6,12,7,14,15,30,17 rims=1,8,33,10,25,3,2,38
SOL m=8 spokes=4,8,12,13,30,31,7,10 rims=1,2,26,6,27,9,5,24
SOL m=8 spokes=4,17,10,8,16,19,5,24 rims=1,2,28,7,11,31,6,38
SOL m=8 spokes=4,7,12,11,19,30,10,13 rims=1,2,6,33,5,35,9,27
SOL m=8 spokes=4,9,13,10,11,26,12,18 rims=1,2,5,37,6,32,8,33
SOL m=8 spokes=4,8,13,12,11,10,21,31 rims=1,5,2,26,9,27,3,37
SOL m=8 spokes=4,8,12,20,32,23,9,10 rims=1,6,19,15,11,3,2,37
SOL m=8 spokes=4,21,10,20,8,7,5,23 rims=1,36,6,16,3,32,2,38
SOL m=8 spokes=4,10,11,26,12,14,9,17 rims=1,32,6,2,5,34,3,41
SOL m=8 spokes=4,9,13,26,10,11,12,18 rims=1,5,3,33,7,32,2,41
SOL m=8 spokes=4,8,13,11,12,10,22,28 rims=1,31,6,3,24,5,2,42
SOL m=8 spokes=4,14,13,6,15,12,27,24 rims=1,7,2,3,32,11,23,21
SOL m=8 spokes=4,6,10,23,33,12,7,9 rims=1,2,36,5,26,8,20,24
SOL m=8 spokes=4,8,13,7,12,30,28,14 rims=1,2,29,10,9,24,18,5
SOL m=8 spokes=4,6,9,11,30,22,14,10 rims=1,7,5,24,3,35,2,41
SOL m=8 spokes=4,8,13,12,11,10,21,31 rims=1,26,2,5,30,6,3,37
SOL m=8 spokes=4,17,11,20,14,23,22,21 rims=1,7,6,10,9,3,2,28
SOL m=8 spokes=4,11,14,6,9,28,15,16 rims=1,7,5,31,2,35,3,40
SOL m=8 spokes=4,9,14,17,6,24,25,13 rims=1,2,5,11,12,32,8,35
SOL m=8 spokes=4,8,12,32,25,11,10,9 rims=1,27,3,2,24,7,6,38
SOL m=8 spokes=4,7,14,22,21,5,16,10 rims=1,33,11,2,6,36,3,40
SOL m=8 spokes=4,9,13,10,11,26,12,18 rims=1,2,32,8,33,5,37,6
SOL m=8 spokes=4,16,14,6,19,11,24,20 rims=1,2,5,32,12,29,13,8
SOL m=8 spokes=4,8,14,7,13,12,25,23 rims=1,9,34,6,22,2,3,41
SOL m=8 spokes=4,20,13,6,19,5,8,24 rims=1,15,7,31,3,33,2,40
SOL m=8 spokes=4,11,13,18,15,20,12,21 rims=1,2,6,37,7,35,5,9
SOL m=8 spokes=4,11,14,6,9,28,15,16 rims=1,35,2,31,7,5,3,40
SOL m=8 spokes=4,9,13,10,11,26,12,18 rims=1,6,37,5,3,38,2,32
SOL m=8 spokes=4,15,14,21,24,16,8,19 rims=1,5,2,9,17,10,3,41
SOL m=8 spokes=4,17,10,16,22,19,8,21 rims=1,27,7,6,9,2,3,41
SOL m=8 spokes=4,16,15,8,23,14,17,20 rims=1,5,26,11,2,7,3,41
SOL m=8 spokes=4,9,15,8,14,16,26,28 rims=1,2,11,10,22,5,33,6
SOL m=8 spokes=4,6,15,25,22,17,5,18 rims=1,7,34,10,2,36,3,13
SOL m=8 spokes=4,10,15,14,25,23,7,16 rims=1,12,8,28,6,3,2,42
SOL m=8 spokes=4,16,15,17,14,9,27,23 rims=1,5,7,3,8,20,2,34
SOL m=8 spokes=4,11,15,14,17,20,12,22 rims=1,5,2,41,3,10,30,8
SOL m=8 spokes=4,11,13,18,15,20,12,21 rims=1,5,9,35,2,40,3,7
SOL m=8 spokes=4,9,14,24,25,6,17,13 rims=1,2,5,11,12,32,8,35
SOL m=8 spokes=4,9,15,21,27,7,14,17 rims=1,12,8,2,3,37,6,33
SOL m=8 spokes=4,11,15,14,26,29,6,13 rims=1,7,16,22,9,3,2,34
SOL m=8 spokes=4,9,12,6,13,14,24,29 rims=1,31,3,8,19,2,5,39
SOL m=8 spokes=4,6,15,30,17,12,7,14 rims=1,8,33,10,25,3,2,38
SOL m=8 spokes=4,13,16,10,17,15,22,27 rims=1,7,34,2,3,6,18,11
SOL m=8 spokes=4,7,15,17,25,27,5,11 rims=1,2,35,8,33,6,10,13
SOL m=8 spokes=4,6,16,7,23,26,15,18 rims=1,2,12,5,35,8,28,9
SOL m=8 spokes=4,8,12,29,27,9,7,14 rims=1,2,30,10,18,24,20,5
SOL m=8 spokes=4,8,12,11,10,13,26,31 rims=1,2,33,7,20,9,23,5
SOL m=8 spokes=4,8,16,33,28,9,7,10 rims=1,5,29,2,12,27,3,21
SOL m=8 spokes=4,8,16,15,9,14,27,24 rims=1,2,26,11,10,34,7,5
SOL m=8 spokes=4,9,13,10,11,26,12,18 rims=1,32,6,34,3,5,2,41
SOL m=8 spokes=4,15,16,8,24,17,14,19 rims=1,5,26,11,2,7,3,41
SOL m=8 spokes=4,6,16,7,15,18,23,26 rims=1,2,12,5,35,8,28,9
SOL m=8 spokes=4,11,14,6,8,9,29,30 rims=1,2,26,16,5,27,7,24
SOL m=8 spokes=4,7,16,14,28,23,15,10 rims=1,5,3,9,25,11,2,40
SOL m=8 spokes=4,6,17,8,19,5,20,10 rims=1,30,2,41,3,35,7,33
SOL m=8 spokes=4,6,16,7,23,26,15,18 rims=1,2,35,8,28,12,5,9
SOL m=8 spokes=4,13,16,15,17,10,27,22 rims=1,7,34,2,3,6,18,11
SOL m=8 spokes=4,14,17,11,9,20,18,19 rims=1,6,10,2,38,5,3,41
SOL m=8 spokes=4,9,13,26,10,11,12,18 rims=1,5,3,40,2,34,7,32
SOL m=8 spokes=4,7,17,9,19,11,25,24 rims=1,5,3,27,10,12,2,38
SOL m=8 spokes=4,16,17,9,18,10,20,23 rims=1,5,7,8,3,28,2,42
SOL m=8 spokes=4,11,16,13,15,14,28,22 rims=1,6,34,8,21,2,3,9
SOL m=8 spokes=4,8,18,5,15,12,6,26 rims=1,28,7,25,2,40,3,36
SOL m=8 spokes=4,10,16,14,25,22,5,17 rims=1,2,11,12,28,6,37,7
SOL m=8 spokes=4,15,17,5,18,23,26,19 rims=1,6,2,12,13,3,29,10
SOL m=8 spokes=4,6,18,33,17,10,7,9 rims=1,29,12,8,36,2,3,31
SOL m=8 spokes=4,14,17,20,18,11,9,19 rims=1,6,10,2,38,5,3,41
SOL m=8 spokes=4,6,16,7,15,18,23,26 rims=1,2,35,8,28,12,5,9
SOL m=8 spokes=4,14,17,15,18,16,9,25 rims=1,2,8,28,6,5,7,37
SOL m=8 spokes=4,13,18,15,8,23,16,17 rims=1,6,37,2,3,11,33,9
SOL m=8 spokes=4,16,15,9,24,27,14,17 rims=1,20,2,6,5,7,3,34
SOL m=8 spokes=4,16,19,11,14,6,24,20 rims=1,2,5,32,12,29,13,8
SOL m=8 spokes=4,12,18,9,23,24,7,20 rims=1,5,26,8,2,37,3,14
SOL m=8 spokes=4,11,18,16,19,10,13,25 rims=1,33,5,2,6,9,3,39
SOL m=8 spokes=4,11,18,16,13,25,10,19 rims=1,33,5,2,6,9,3,39
SOL m=8 spokes=4,10,17,5,16,14,25,22 rims=1,2,11,12,28,6,37,7
SOL m=8 spokes=4,16,17,7,18,8,26,20 rims=1,5,9,10,3,29,2,39
SOL m=8 spokes=4,14,17,15,18,16,9,25 rims=1,6,28,10,2,3,8,36
SOL m=8 spokes=4,14,18,17,11,24,9,19 rims=1,6,10,2,32,3,5,39
SOL m=8 spokes=4,16,20,25,10,19,18,17 rims=1,5,2,13,8,3,9,31
SOL m=8 spokes=4,11,20,14,12,17,15,22 rims=1,5,2,41,3,10,30,8
SOL m=8 spokes=4,20,19,18,11,9,21,24 rims=1,5,12,14,2,34,3,7
SOL m=8 spokes=4,5,18,10,16,7,19,26 rims=1,2,6,32,9,30,13,27
SOL m=8 spokes=4,17,20,12,21,6,15,22 rims=1,7,30,3,2,9,31,13
SOL m=8 spokes=4,9,20,25,22,12,19,18 rims=1,6,5,8,2,33,3,14
SOL m=8 spokes=4,16,21,26,6,15,8,17 rims=1,2,9,28,7,13,5,39
SOL m=8 spokes=4,16,18,8,17,7,26,20 rims=1,5,9,10,3,29,2,39
SOL m=8 spokes=4,10,21,5,16,8,23,14 rims=1,2,36,7,34,6,11,31
SOL m=8 spokes=4,5,18,10,16,7,19,26 rims=1,27,13,30,2,6,3,38
SOL m=8 spokes=4,19,18,9,17,23,7,20 rims=1,5,3,31,2,10,30,14
SOL m=8 spokes=4,8,20,7,23,5,10,21 rims=1,35,2,32,6,16,3,39
SOL m=8 spokes=4,8,23,5,10,20,7,21 rims=1,35,2,32,6,16,3,39
SOL m=8 spokes=4,16,23,10,20,21,18,19 rims=1,6,9,2,30,3,5,12
SOL m=8 spokes=4,17,19,20,21,14,9,22 rims=1,5,2,8,3,32,12,15
SOL m=8 spokes=4,15,20,19,22,10,13,21 rims=1,11,16,2,5,3,6,38
SOL m=8 spokes=4,16,21,18,23,10,20,19 rims=1,6,9,2,30,3,5,12
SOL m=8 spokes=4,19,20,12,9,21,18,23 rims=1,5,34,2,15,11,3,7
SOL m=8 spokes=4,19,23,18,21,10,13,20 rims=1,2,9,26,16,8,7,5
SOL m=8 spokes=4,12,24,21,11,18,5,20 rims=1,2,8,6,13,27,7,36
SOL m=8 spokes=4,8,23,5,10,20,7,21 rims=1,36,6,16,3,32,2,38
SOL m=8 spokes=4,11,20,17,15,14,12,22 rims=1,5,2,41,3,10,30,8
SOL m=8 spokes=4,19,20,21,18,12,9,23 rims=1,5,34,2,15,11,3,7
SOL m=8 spokes=4,11,25,32,15,10,9,12 rims=1,6,33,5,3,28,2,16
SOL m=8 spokes=4,7,25,27,15,17,5,11 rims=1,2,35,8,33,6,10,13
SOL m=8 spokes=4,11,21,12,13,18,15,20 rims=1,2,6,37,7,35,5,9
SOL m=8 spokes=4,14,26,24,7,5,13,18 rims=1,34,2,6,10,12,3,40
SOL m=8 spokes=4,6,24,26,15,7,14,10 rims=1,22,5,3,9,35,2,41
SOL m=8 spokes=4,15,23,22,6,16,13,18 rims=1,11,3,5,25,7,2,42
SOL m=8 spokes=4,8,20,7,23,5,10,21 rims=1,36,6,16,3,32,2,38
SOL m=8 spokes=4,15,16,27,22,8,14,17 rims=1,6,34,9,19,2,3,10
SOL m=8 spokes=4,8,32,23,9,10,7,12 rims=1,28,6,19,24,2,3,37
SOL m=8 spokes=4,15,26,19,17,10,5,18 rims=1,6,2,39,3,13,27,11
SOL m=8 spokes=4,13,17,7,26,27,12,15 rims=1,23,10,8,6,3,2,35
SOL m=8 spokes=4,8,20,5,10,21,7,23 rims=1,35,2,32,6,16,3,39
SOL m=8 spokes=5,7,6,8,24,33,20,10 rims=1,3,19,23,9,12,2,35
SOL m=8 spokes=4,6,25,27,5,17,10,7 rims=1,18,8,20,2,36,3,40
SOL m=8 spokes=5,13,6,10,12,14,16,30 rims=1,2,32,7,31,4,33,8
SOL m=8 spokes=5,8,7,6,10,29,33,13 rims=1,2,22,9,16,28,4,26
SOL m=8 spokes=4,8,30,31,12,13,7,10 rims=1,2,26,6,27,9,5,24
SOL m=8 spokes=5,10,7,8,9,23,29,17 rims=1,20,2,4,11,32,3,41
SOL m=8 spokes=5,10,8,12,6,15,28,29 rims=1,3,18,24,19,7,2,30
SOL m=8 spokes=5,18,7,11,19,10,20,23 rims=1,2,4,32,8,35,9,13
SOL m=8 spokes=5,6,7,13,17,29,26,8 rims=1,3,38,2,28,16,11,9
SOL m=8 spokes=5,9,6,10,8,32,25,12 rims=1,3,36,7,16,24,2,27
SOL m=8 spokes=5,14,8,11,12,10,22,29 rims=1,2,4,19,9,35,7,31
SOL m=8 spokes=5,9,8,7,10,17,33,27 rims=1,20,3,11,28,4,2,29
SOL m=8 spokes=5,18,8,14,20,21,22,23 rims=1,10,24,9,3,4,2,15
SOL m=8 spokes=5,10,8,29,28,6,12,15 rims=1,3,24,18,19,7,2,30
SOL m=8 spokes=5,13,6,10,12,14,16,30 rims=1,8,31,2,32,3,4,37
SOL m=8 spokes=5,18,8,17,7,19,26,21 rims=1,2,4,16,14,9,32,10
SOL m=8 spokes=4,11,21,12,13,18,15,20 rims=1,5,9,35,2,40,3,7
SOL m=8 spokes=4,7,31,26,10,12,11,13 rims=1,2,34,6,22,5,24,8
SOL m=8 spokes=5,8,9,23,29,17,7,10 rims=1,20,4,2,11,32,3,41
SOL m=8 spokes=4,8,30,24,9,7,14,12 rims=1,25,10,6,27,2,3,40
SOL m=8 spokes=5,10,9,8,6,12,25,32 rims=1,27,2,24,19,4,3,36
SOL m=8 spokes=4,19,23,10,13,18,21,20 rims=1,2,9,26,16,8,7,5
SOL m=8 spokes=5,21,9,19,13,7,20,23 rims=1,2,8,27,4,11,6,37
SOL m=8 spokes=5,16,10,18,12,14,26,25 rims=1,8,3,4,2,27,13,20
SOL m=8 spokes=4,17,25,23,7,16,5,19 rims=1,2,13,21,10,8,6,37
SOL m=8 spokes=5,9,10,7,8,25,33,19 rims=1,21,2,4,20,11,3,36
SOL m=8 spokes=5,13,9,17,7,24,18,19 rims=1,2,6,34,10,11,4,38
SOL m=8 spokes=5,9,8,32,25,12,6,10 rims=1,3,36,7,16,24,2,27
SOL m=8 spokes=5,12,10,25,14,11,8,17 rims=1,3,41,2,7,32,6,34
SOL m=8 spokes=5,7,9,11,10,21,33,13 rims=1,2,25,4,8,31,6,35
SOL m=8 spokes=5,20,8,16,14,10,24,23 rims=1,3,25,2,7,35,6,11
SOL m=8 spokes=5,10,6,14,15,30,23,12 rims=1,7,2,39,4,13,3,31
SOL m=8 spokes=5,7,9,18,32,22,6,12 rims=1,3,17,16,26,2,8,35
SOL m=8 spokes=5,20,10,22,19,13,6,21 rims=1,8,4,3,14,30,2,36
SOL m=8 spokes=5,17,10,21,22,23,14,20 rims=1,2,9,25,4,12,6,7
SOL m=8 spokes=4,8,20,5,10,21,7,23 rims=1,36,6,16,3,32,2,38
SOL m=8 spokes=5,18,10,19,11,7,23,20 rims=1,2,4,32,8,35,9,13
SOL m=8 spokes=4,10,28,27,11,16,8,14 rims=1,2,7,6,23,17,5,33
SOL m=8 spokes=5,7,10,14,18,6,17,26 rims=1,2,37,4,8,34,9,29
SOL m=8 spokes=5,16,10,17,13,14,27,25 rims=1,2,7,4,8,28,6,20
SOL m=8 spokes=5,17,10,21,22,23,14,20 rims=1,3,9,16,18,11,2,6
SOL m=8 spokes=5,17,10,25,22,19,16,18 rims=1,3,9,14,20,11,2,6
SOL m=8 spokes=5,7,10,14,17,26,6,18 rims=1,2,37,4,8,34,9,29
SOL m=8 spokes=5,19,10,20,11,7,18,24 rims=1,2,4,32,8,33,9,13
SOL m=8 spokes=5,7,10,20,29,23,11,12 rims=1,2,24,13,4,38,6,8
SOL m=8 spokes=5,17,11,22,23,20,13,21 rims=1,3,26,7,12,2,6,9
SOL m=8 spokes=5,16,12,15,14,13,27,21 rims=1,8,3,4,6,38,2,22
SOL m=8 spokes=5,12,11,10,26,13,9,17 rims=1,2,4,36,8,34,7,32
SOL m=8 spokes=5,12,10,19,23,6,17,20 rims=1,2,7,37,4,34,8,13
SOL m=8 spokes=5,15,13,9,7,16,28,23 rims=1,2,40,4,6,11,8,26
SOL m=8 spokes=5,18,10,23,16,19,17,20 rims=1,8,3,4,2,12,13,31
SOL m=8 spokes=5,8,11,14,12,26,30,13 rims=1,28,15,3,7,2,4,32
SOL m=8 spokes=5,7,12,8,24,20,11,14 rims=1,9,30,3,37,4,2,42
SOL m=8 spokes=5,9,13,14,15,12,22,29 rims=1,2,6,10,30,4,7,32
SOL m=8 spokes=5,12,11,10,26,13,9,17 rims=1,32,2,6,36,3,4,40
SOL m=8 spokes=5,10,12,29,31,9,6,13 rims=1,2,26,4,20,7,8,32
SOL m=8 spokes=5,19,11,18,10,20,22,24 rims=1,8,28,2,4,3,14,12
SOL m=8 spokes=5,16,10,25,21,17,18,19 rims=1,2,9,4,8,24,14,6
SOL m=8 spokes=5,14,12,18,19,16,8,25 rims=1,2,38,4,7,29,6,9
SOL m=8 spokes=5,19,10,16,13,24,12,20 rims=1,7,2,4,38,3,11,26
SOL m=8 spokes=5,9,13,7,29,26,14,15 rims=1,2,4,32,8,17,20,10
SOL m=8 spokes=5,16,13,17,24,25,10,19 rims=1,3,28,11,9,12,2,6
SOL m=8 spokes=5,6,11,12,9,23,21,13 rims=1,3,37,7,31,8,2,41
SOL m=8 spokes=5,15,14,12,11,18,29,24 rims=1,7,3,28,9,4,2,20
SOL m=8 spokes=5,18,14,11,23,22,21,20 rims=1,9,3,4,13,2,6,24
SOL m=8 spokes=5,17,15,7,8,11,14,27 rims=1,9,30,2,4,33,3,40
SOL m=8 spokes=5,10,15,9,8,12,29,16 rims=1,35,7,4,2,30,3,40
SOL m=8 spokes=5,16,15,26,22,8,14,17 rims=1,3,18,10,2,9,35,6
SOL m=8 spokes=5,19,10,16,20,12,13,24 rims=1,7,2,4,38,3,11,26
SOL m=8 spokes=5,17,14,11,8,7,15,27 rims=1,3,40,2,31,6,30,9
SOL m=8 spokes=5,8,13,11,7,22,31,21 rims=1,9,14,3,37,4,2,24
SOL m=8 spokes=5,13,16,29,6,10,12,14 rims=1,8,36,4,3,35,2,31
SOL m=8 spokes=5,6,11,9,20,29,12,13 rims=1,27,3,4,39,2,8,36
SOL m=8 spokes=5,6,13,14,16,26,28,11 rims=1,3,12,23,7,36,2,8
SOL m=8 spokes=5,14,11,27,8,7,15,17 rims=1,3,6,30,10,33,2,37
SOL m=8 spokes=5,11,15,16,17,8,25,18 rims=1,3,7,2,12,31,6,38
SOL m=8 spokes=5,12,13,14,16,10,20,27 rims=1,2,4,7,35,9,8,30
SOL m=8 spokes=5,7,15,14,23,22,11,17 rims=1,8,4,2,33,10,3,41
SOL m=8 spokes=5,16,17,13,14,7,27,21 rims=1,3,36,6,9,2,8,25
SOL m=8 spokes=5,7,13,30,31,9,10,12 rims=1,26,3,8,20,4,2,32
SOL m=8 spokes=5,6,11,9,20,30,12,13 rims=1,7,3,34,4,40,2,27
SOL m=8 spokes=5,16,15,8,14,17,23,26 rims=1,10,2,4,3,18,9,35
SOL m=8 spokes=5,20,16,17,9,18,10,24 rims=1,7,36,3,28,4,2,11
SOL m=8 spokes=5,12,17,18,27,24,8,16 rims=1,2,7,31,6,15,4,10
SOL m=8 spokes=5,16,15,8,23,26,14,17 rims=1,10,2,4,3,18,9,35
SOL m=8 spokes=5,20,16,18,10,17,9,24 rims=1,7,36,3,28,4,2,11
SOL m=8 spokes=5,9,16,8,15,14,28,26 rims=1,2,25,4,6,32,7,11
SOL m=8 spokes=5,18,19,11,12,9,21,25 rims=1,7,3,38,4,2,13,22
SOL m=8 spokes=5,11,17,13,14,15,16,23 rims=1,7,3,9,35,4,2,41
SOL m=8 spokes=5,11,16,17,7,9,27,24 rims=1,3,36,6,13,2,8,29
SOL m=8 spokes=5,16,17,9,18,10,24,21 rims=1,2,4,7,36,8,20,12
SOL m=8 spokes=5,17,19,11,18,10,25,22 rims=1,3,31,7,2,6,14,12
SOL m=8 spokes=5,14,19,16,8,18,12,25 rims=1,2,38,4,7,29,6,9
SOL m=8 spokes=5,20,18,21,7,14,10,22 rims=1,3,13,24,9,2,6,38
SOL m=8 spokes=5,13,17,20,21,24,10,19 rims=1,3,6,2,14,28,7,11
SOL m=8 spokes=5,17,16,15,8,23,14,18 rims=1,10,27,9,3,4,2,42
SOL m=8 spokes=5,6,13,26,28,14,16,11 rims=1,3,12,23,7,36,2,8
SOL m=8 spokes=5,17,18,10,19,11,25,22 rims=1,3,31,7,2,6,14,12
SOL m=8 spokes=5,9,20,8,14,7,21,24 rims=1,2,37,6,36,4,18,10
SOL m=8 spokes=5,15,20,17,13,6,14,24 rims=1,2,36,4,8,35,7,9
SOL m=8 spokes=5,13,20,10,17,14,16,18 rims=1,6,2,9,3,39,4,40
SOL m=8 spokes=5,16,20,7,14,6,24,21 rims=1,8,2,15,3,39,4,32
SOL m=8 spokes=5,13,19,9,23,20,21,18 rims=1,11,32,3,4,6,2,15
SOL m=8 spokes=5,14,19,21,13,23,17,20 rims=1,7,3,9,2,4,25,15
SOL m=8 spokes=5,9,20,8,14,7,21,24 rims=1,10,18,4,2,40,3,36
SOL m=8 spokes=5,13,21,24,17,20,10,19 rims=1,3,6,2,14,28,7,11
SOL m=8 spokes=5,11,17,13,14,15,16,23 rims=1,7,35,4,2,41,3,9
SOL m=8 spokes=5,12,21,25,22,11,19,17 rims=1,8,2,4,3,15,20,13
SOL m=8 spokes=5,14,21,10,23,17,20,19 rims=1,3,32,7,9,2,6,12
SOL m=8 spokes=5,10,20,23,6,19,12,21 rims=1,3,34,2,7,8,30,13
SOL m=8 spokes=5,11,17,13,14,15,16,23 rims=1,9,3,4,35,6,2,42
SOL m=8 spokes=5,18,23,24,16,7,17,20 rims=1,3,6,26,11,8,2,13
SOL m=8 spokes=5,10,17,13,14,15,16,27 rims=1,7,4,2,36,3,9,34
SOL m=8 spokes=5,17,18,10,19,16,25,22 rims=1,13,7,2,4,8,3,28
SOL m=8 spokes=5,18,23,24,16,7,17,20 rims=1,3,11,26,6,13,2,8
SOL m=8 spokes=5,12,19,8,21,6,22,23 rims=1,9,28,4,3,36,2,15
SOL m=8 spokes=5,14,19,21,13,23,17,20 rims=1,10,2,6,3,4,25,15
SOL m=8 spokes=5,14,23,17,19,21,13,20 rims=1,7,3,9,2,4,25,15
SOL m=8 spokes=5,19,24,8,16,18,6,20 rims=1,3,12,31,10,7,2,32
SOL m=8 spokes=5,12,21,10,19,23,6,20 rims=1,2,7,29,8,34,4,13
SOL m=8 spokes=5,13,22,11,20,18,21,17 rims=1,2,36,8,4,10,9,6
SOL m=8 spokes=5,18,20,16,9,17,10,23 rims=1,2,6,38,4,7,24,12
SOL m=8 spokes=6,10,7,9,11,20,32,24 rims=1,2,23,14,8,28,12,4
SOL m=8 spokes=6,11,7,10,17,20,8,22 rims=1,4,34,2,35,9,3,40
SOL m=8 spokes=6,9,7,22,20,8,12,16 rims=1,3,37,5,39,2,33,10
SOL m=8 spokes=6,11,7,10,17,20,8,22 rims=1,35,2,3,9,34,4,40
SOL m=8 spokes=5,13,20,9,24,21,18,19 rims=1,6,4,8,3,33,2,15
SOL m=8 spokes=6,9,8,22,7,21,17,11 rims=1,2,10,34,4,37,5,35
SOL m=8 spokes=6,10,7,14,11,28,30,15 rims=1,8,4,23,16,3,2,31
SOL m=8 spokes=5,18,23,22,21,11,14,20 rims=1,9,3,4,13,2,6,24
SOL m=8 spokes=6,17,7,8,16,12,24,27 rims=1,2,26,10,11,4,5,37
SOL m=8 spokes=5,17,19,21,8,15,23,22 rims=1,2,12,6,29,4,7,9
SOL m=8 spokes=5,12,26,11,10,13,9,17 rims=1,2,32,8,33,4,38,6
SOL m=8 spokes=5,10,17,13,14,15,16,27 rims=1,7,36,3,9,2,4,34
SOL m=8 spokes=5,7,24,20,12,8,11,14 rims=1,9,30,3,37,4,2,42
SOL m=8 spokes=6,15,8,17,10,13,27,26 rims=1,3,2,22,7,31,9,11
SOL m=8 spokes=5,12,26,11,10,13,9,17 rims=1,7,37,3,38,4,2,32
SOL m=8 spokes=6,17,8,22,25,15,18,19 rims=1,3,10,2,5,11,9,29
SOL m=8 spokes=6,9,8,7,20,33,15,10 rims=1,2,32,12,25,11,27,4
SOL m=8 spokes=5,13,21,20,19,9,23,18 rims=1,15,2,4,8,3,7,34
SOL m=8 spokes=5,16,18,10,17,9,24,21 rims=1,2,4,7,36,8,20,12
SOL m=8 spokes=6,8,10,12,7,19,30,14 rims=1,3,41,2,9,23,5,34
SOL m=8 spokes=6,11,9,10,28,20,8,13 rims=1,3,35,5,7,25,2,42
SOL m=8 spokes=6,17,10,21,19,14,22,23 rims=1,2,13,5,7,4,26,8
SOL m=8 spokes=6,10,8,7,23,32,18,12 rims=1,2,34,9,21,16,11,4
SOL m=8 spokes=6,18,10,19,11,20,22,24 rims=1,2,5,4,8,23,13,14
SOL m=8 spokes=6,9,8,7,11,15,30,18 rims=1,4,28,3,40,2,10,34
SOL m=8 spokes=6,11,10,9,7,25,33,12 rims=1,3,5,27,14,24,2,28
SOL m=8 spokes=6,18,11,23,25,16,15,19 rims=1,2,8,24,4,5,7,13
SOL m=8 spokes=6,18,10,19,11,20,22,24 rims=1,2,5,8,4,27,9,14
SOL m=8 spokes=6,8,11,7,10,24,33,12 rims=1,3,26,2,25,9,5,37
SOL m=8 spokes=5,14,23,17,19,21,13,20 rims=1,10,2,6,3,4,25,15
SOL m=8 spokes=6,16,12,8,13,15,20,22 rims=1,4,40,3,39,2,7,10
SOL m=8 spokes=6,8,10,24,33,12,7,11 rims=1,3,26,2,25,9,5,37
SOL m=8 spokes=6,12,8,9,10,11,32,25 rims=1,3,24,5,2,26,13,30
SOL m=8 spokes=6,10,9,12,33,25,7,11 rims=1,3,5,27,14,24,2,28
SOL m=8 spokes=6,17,10,15,8,13,27,26 rims=1,3,2,22,7,31,9,11
SOL m=8 spokes=6,14,12,7,26,27,16,17 rims=1,3,5,15,10,9,2,35
SOL m=8 spokes=6,15,13,22,20,8,12,16 rims=1,4,40,3,39,2,7,10
SOL m=8 spokes=6,14,12,7,16,17,26,27 rims=1,3,5,15,10,9,2,35
SOL m=8 spokes=6,16,14,17,15,18,22,26 rims=1,3,7,2,25,5,8,11
SOL m=8 spokes=6,13,12,15,14,10,24,19 rims=1,3,8,9,35,5,2,41
SOL m=8 spokes=6,9,8,22,7,21,17,11 rims=1,3,37,5,36,2,10,34
SOL m=8 spokes=6,8,10,7,14,11,23,28 rims=1,4,40,3,9,32,2,25
SOL m=8 spokes=6,16,12,8,13,15,20,22 rims=1,10,7,2,3,39,4,40
SOL m=8 spokes=6,7,14,15,11,28,26,16 rims=1,3,36,2,10,19,5,8
SOL m=8 spokes=6,17,14,22,23,10,19,21 rims=1,2,13,5,7,4,26,8
SOL m=8 spokes=6,16,14,17,15,18,22,26 rims=1,3,7,5,25,2,11,8
SOL m=8 spokes=6,9,15,30,18,8,7,11 rims=1,4,28,3,40,2,10,34
SOL m=8 spokes=6,12,13,10,8,29,24,15 rims=1,3,2,9,31,7,26,17
SOL m=8 spokes=6,17,15,8,24,23,20,19 rims=1,2,10,22,11,7,9,4
SOL m=8 spokes=6,9,8,22,7,21,17,11 rims=1,34,10,2,3,38,4,36
SOL m=8 spokes=6,10,13,16,29,17,8,15 rims=1,2,5,36,4,34,9,11
SOL m=8 spokes=5,9,17,6,14,7,20,21 rims=1,2,39,4,36,8,10,32
SOL m=8 spokes=6,19,8,17,12,7,22,25 rims=1,3,35,5,16,27,2,9
SOL m=8 spokes=6,15,16,17,18,14,21,26 rims=1,4,3,25,10,2,11,8
SOL m=8 spokes=6,10,15,8,13,16,29,17 rims=1,2,5,36,4,34,9,11
SOL m=8 spokes=6,9,15,7,19,11,23,24 rims=1,2,10,27,14,8,36,4
SOL m=8 spokes=6,15,13,22,20,8,12,16 rims=1,10,7,2,3,39,4,40
SOL m=8 spokes=6,11,17,20,7,10,8,22 rims=1,4,34,2,35,9,3,40
SOL m=8 spokes=6,7,14,28,26,15,11,16 rims=1,2,36,5,19,8,4,9
SOL m=8 spokes=6,10,13,16,29,17,8,15 rims=1,4,3,38,2,34,9,11
SOL m=8 spokes=6,11,17,29,22,13,15,14 rims=1,7,34,4,16,2,3,9
SOL m=8 spokes=6,11,17,21,9,8,7,22 rims=1,2,10,34,4,37,5,35
SOL m=8 spokes=6,13,16,20,19,23,11,21 rims=1,2,5,4,8,10,28,14
SOL m=8 spokes=6,11,17,20,7,10,8,22 rims=1,35,2,3,9,34,4,40
SOL m=8 spokes=6,16,14,17,15,18,22,26 rims=1,3,10,9,2,25,5,7
SOL m=8 spokes=6,10,15,8,13,16,29,17 rims=1,4,3,38,2,34,9,11
SOL m=8 spokes=6,12,17,9,14,10,24,25 rims=1,7,11,2,3,40,4,28
SOL m=8 spokes=6,19,18,17,10,15,20,25 rims=1,8,14,27,4,3,2,11
SOL m=8 spokes=6,11,14,16,17,18,19,26 rims=1,4,8,13,2,7,3,38
SOL m=8 spokes=6,11,15,26,28,14,7,16 rims=1,2,36,5,19,4,8,9
SOL m=8 spokes=6,16,20,12,19,11,24,22 rims=1,3,29,8,13,2,5,9
SOL m=8 spokes=6,17,19,21,7,14,22,23 rims=1,10,2,32,4,5,3,15
SOL m=8 spokes=6,12,13,8,25,27,9,16 rims=1,2,5,18,26,4,32,10
SOL m=8 spokes=6,11,17,21,9,8,7,22 rims=1,3,37,5,36,2,10,34
SOL m=8 spokes=5,7,13,9,10,30,31,12 rims=1,26,3,8,20,4,2,32
SOL m=8 spokes=6,17,23,9,16,19,18,21 rims=1,4,3,11,2,8,12,31
SOL m=8 spokes=6,16,12,8,7,9,20,22 rims=1,3,37,5,39,2,33,10
SOL m=8 spokes=6,17,23,9,18,21,16,19 rims=1,4,3,11,2,8,12,31
SOL m=8 spokes=6,15,20,17,22,10,18,19 rims=1,3,5,2,9,12,31,13
SOL m=8 spokes=6,16,19,11,20,12,24,22 rims=1,3,29,8,13,2,5,9
SOL m=8 spokes=6,17,23,22,14,19,10,21 rims=1,2,13,5,7,4,26,8
SOL m=8 spokes=6,16,25,22,14,18,7,19 rims=1,3,2,8,9,27,15,11
SOL m=8 spokes=6,12,13,24,29,10,8,15 rims=1,3,2,9,31,7,26,17
SOL m=8 spokes=7,17,8,18,16,14,12,26 rims=1,4,2,9,27,10,3,38
SOL m=8 spokes=7,9,8,17,14,11,25,27 rims=1,12,4,6,37,3,2,29
SOL m=8 spokes=7,17,8,18,16,14,12,26 rims=1,10,27,9,4,2,3,38
SOL m=8 spokes=6,18,24,9,17,20,16,19 rims=1,2,5,8,4,10,11,31
SOL m=8 spokes=6,11,17,21,9,8,7,22 rims=1,34,10,2,3,38,4,36
SOL m=8 spokes=6,11,25,18,17,16,15,19 rims=1,3,7,2,12,8,5,38
SOL m=8 spokes=7,18,10,13,12,14,16,25 rims=1,4,11,33,3,6,2,40
SOL m=8 spokes=7,11,9,13,18,8,26,23 rims=1,2,28,12,10,4,38,5
SOL m=8 spokes=7,17,8,20,18,21,16,22 rims=1,2,10,4,5,6,13,31
SOL m=8 spokes=7,12,9,10,11,29,21,15 rims=1,3,2,35,8,34,6,13
SOL m=8 spokes=7,18,10,21,24,15,19,20 rims=1,2,6,5,9,23,4,12
SOL m=8 spokes=6,17,18,9,23,16,21,19 rims=1,4,3,11,2,8,12,31
SOL m=8 spokes=7,12,8,16,24,27,14,17 rims=1,10,3,37,5,4,2,18
SOL m=8 spokes=7,12,14,8,16,17,26,27 rims=1,2,4,32,5,13,9,10
SOL m=8 spokes=6,9,19,29,8,7,12,15 rims=1,10,33,4,28,2,3,39
SOL m=8 spokes=7,18,14,25,22,9,17,19 rims=1,2,4,26,12,8,5,10
SOL m=8 spokes=7,18,10,13,14,9,23,25 rims=1,5,3,26,2,40,4,11
SOL m=8 spokes=7,9,14,13,10,16,26,18 rims=1,2,6,38,5,37,4,11
SOL m=8 spokes=7,12,15,14,13,17,23,27 rims=1,2,4,5,11,8,10,33
SOL m=8 spokes=6,13,21,11,16,20,19,23 rims=1,2,5,4,8,10,28,14
SOL m=8 spokes=6,13,16,20,19,23,11,21 rims=1,2,5,10,28,14,4,8
SOL m=8 spokes=7,10,15,14,13,27,25,16 rims=1,11,33,3,5,4,2,17
SOL m=8 spokes=7,16,14,12,13,10,18,23 rims=1,3,5,38,6,9,2,40
SOL m=8 spokes=7,18,15,10,19,14,23,25 rims=1,2,9,27,4,12,8,5
SOL m=8 spokes=6,13,21,11,16,20,19,23 rims=1,2,5,10,28,14,4,8
SOL m=8 spokes=7,9,14,13,10,16,26,18 rims=1,11,4,2,41,3,5,37
SOL m=8 spokes=6,7,14,28,26,15,11,16 rims=1,3,10,2,36,5,19,8
SOL m=8 spokes=7,16,15,19,13,25,23,18 rims=1,3,21,6,5,12,2,8
SOL m=8 spokes=6,10,20,32,24,7,9,11 rims=1,2,23,14,8,28,12,4
SOL m=8 spokes=7,9,16,11,15,10,25,28 rims=1,3,30,12,2,27,8,5
SOL m=8 spokes=7,10,15,25,27,14,13,16 rims=1,11,33,3,5,4,2,17
SOL m=8 spokes=7,14,17,15,18,19,13,23 rims=1,2,6,5,39,4,12,9
SOL m=8 spokes=6,18,24,9,16,19,17,20 rims=1,2,5,8,4,10,11,31
SOL m=8 spokes=7,8,15,13,11,16,27,17 rims=1,5,4,10,2,41,3,36
SOL m=8 spokes=7,14,17,20,23,8,19,21 rims=1,2,11,5,4,6,12,31
SOL m=8 spokes=7,11,18,19,10,20,22,24 rims=1,8,4,2,3,13,23,14
SOL m=8 spokes=7,12,16,25,22,8,14,19 rims=1,4,6,3,40,2,11,17
SOL m=8 spokes=7,21,18,20,17,8,16,22 rims=1,2,10,4,5,6,13,31
SOL m=8 spokes=7,17,16,14,12,26,8,18 rims=1,4,2,9,27,10,3,38
SOL m=8 spokes=7,8,18,12,15,9,24,26 rims=1,4,6,37,3,11,2,28
SOL m=8 spokes=7,20,14,8,18,9,19,22 rims=1,4,2,41,3,10,24,11
SOL m=8 spokes=7,14,11,15,10,16,26,28 rims=1,4,9,3,32,2,6,19
SOL m=8 spokes=7,12,16,14,8,25,22,19 rims=1,4,6,3,40,2,11,17
SOL m=8 spokes=7,18,20,8,16,21,17,22 rims=1,2,10,4,5,6,13,31
SOL m=8 spokes=7,16,18,10,20,12,24,23 rims=1,3,29,8,13,2,9,5
SOL m=8 spokes=7,9,20,12,17,22,23,16 rims=1,10,3,5,39,2,4,14
SOL m=8 spokes=7,18,14,9,15,10,23,25 rims=1,2,11,20,6,36,8,4
SOL m=8 spokes=7,17,16,14,12,26,8,18 rims=1,10,27,9,4,2,3,38
SOL m=8 spokes=7,16,20,12,18,10,24,23 rims=1,3,29,8,13,2,9,5
SOL m=8 spokes=7,13,17,21,20,18,9,23 rims=1,2,10,32,6,8,11,4
SOL m=8 spokes=7,14,21,17,20,8,23,18 rims=1,3,33,9,10,2,11,5
SOL m=8 spokes=7,18,15,10,14,9,23,25 rims=1,2,11,20,6,36,8,4
SOL m=8 spokes=7,10,17,9,26,25,11,13 rims=1,5,3,12,2,27,4,40
SOL m=8 spokes=7,14,23,8,17,18,20,21 rims=1,3,33,9,10,2,11,5
SOL m=8 spokes=7,11,20,10,19,18,24,22 rims=1,8,4,2,3,13,23,14
SOL m=8 spokes=7,14,22,10,20,18,16,21 rims=1,8,11,33,4,2,3,12
SOL m=8 spokes=7,17,22,16,21,8,20,18 rims=1,2,10,4,5,6,13,31
SOL m=8 spokes=7,14,22,11,19,16,17,21 rims=1,2,4,5,10,34,8,12
SOL m=8 spokes=8,13,10,12,23,30,9,14 rims=1,2,4,11,5,34,7,28
SOL m=8 spokes=6,15,22,10,18,17,20,19 rims=1,3,5,2,9,12,31,13
SOL m=8 spokes=8,13,11,10,9,27,21,15 rims=1,4,12,2,41,3,33,6
SOL m=8 spokes=7,12,14,8,26,27,16,17 rims=1,2,4,32,5,13,9,10
SOL m=8 spokes=7,20,19,15,10,18,21,24 rims=1,2,6,5,9,23,4,12
SOL m=8 spokes=7,16,25,23,15,19,13,18 rims=1,3,21,6,5,12,2,8
SOL m=8 spokes=8,13,10,12,23,30,9,14 rims=1,2,5,11,4,35,6,28
SOL m=8 spokes=8,12,16,11,14,17,27,20 rims=1,6,15,3,2,40,4,9
SOL m=8 spokes=8,14,17,20,10,21,22,23 rims=1,2,9,6,7,19,12,4
SOL m=8 spokes=8,9,14,15,11,26,28,18 rims=1,3,13,17,21,10,2,5
SOL m=8 spokes=8,11,10,16,21,26,9,12 rims=1,5,35,4,3,41,2,13
SOL m=8 spokes=7,13,17,21,9,23,18,20 rims=1,2,10,32,6,8,11,4
SOL m=8 spokes=8,15,14,21,16,20,11,23 rims=1,2,4,13,5,7,33,9
SOL m=8 spokes=7,18,20,17,22,16,8,21 rims=1,2,10,4,5,6,13,31
SOL m=8 spokes=8,17,14,11,18,13,23,25 rims=1,2,4,29,15,5,7,9
SOL m=8 spokes=8,21,16,20,18,15,9,22 rims=1,4,2,11,3,7,12,32
SOL m=8 spokes=8,15,16,20,11,23,14,21 rims=1,2,4,13,5,7,33,9
SOL m=8 spokes=7,18,19,14,15,10,23,25 rims=1,2,9,27,4,12,8,5
SOL m=8 spokes=8,19,18,16,22,9,15,20 rims=1,3,10,11,32,12,2,5
SOL m=8 spokes=7,14,23,8,20,21,17,18 rims=1,3,33,9,10,2,11,5
SOL m=8 spokes=8,16,21,15,18,20,9,22 rims=1,4,2,11,3,7,12,32
SOL m=8 spokes=8,16,20,10,19,13,22,24 rims=1,2,12,5,4,11,25,6
SOL m=8 spokes=7,14,23,8,17,18,20,21 rims=1,10,9,33,3,2,4,12
SOL m=8 spokes=7,14,21,17,20,8,23,18 rims=1,10,9,33,3,2,4,12
SOL m=8 spokes=8,11,10,16,21,26,9,12 rims=1,6,35,4,40,3,2,13
SOL m=8 spokes=8,16,18,20,15,22,9,19 rims=1,3,10,11,32,12,2,5
SOL m=8 spokes=8,16,18,14,24,23,11,20 rims=1,2,4,5,10,7,21,12
SOL m=8 spokes=9,16,11,17,12,13,25,27 rims=1,6,8,2,3,15,4,31
SOL m=8 spokes=9,16,12,14,10,15,25,28 rims=1,17,3,2,6,7,4,32
SOL m=8 spokes=8,16,22,9,18,19,15,20 rims=1,3,10,11,32,12,2,5
SOL m=8 spokes=8,16,20,18,15,22,9,21 rims=1,4,2,11,3,7,12,32
SOL m=8 spokes=7,18,21,17,20,8,16,22 rims=1,2,10,4,5,6,13,31
SOL m=8 spokes=9,20,18,16,14,22,10,21 rims=1,2,15,29,4,8,5,6
SOL m=8 spokes=9,10,19,29,25,14,11,12 rims=1,3,13,5,27,15,2,6
SOL m=8 spokes=9,15,12,13,11,24,29,19 rims=1,5,3,4,10,25,2,16
SOL m=8 spokes=7,14,23,8,20,21,17,18 rims=1,10,9,33,3,2,4,12
SOL m=8 spokes=10,15,11,18,14,12,26,20 rims=1,8,5,2,4,39,3,16
SOL m=8 spokes=8,20,19,9,18,23,16,21 rims=1,11,22,6,4,3,2,13
SOL m=8 spokes=8,16,19,15,24,22,10,20 rims=1,3,11,2,7,21,12,5
SOL m=8 spokes=8,16,19,15,22,9,18,20 rims=1,3,10,11,32,12,2,5
SOL m=8 spokes=8,16,24,22,20,18,9,19 rims=1,3,7,5,6,21,2,13
SOL m=8 spokes=9,16,12,14,10,15,25,28 rims=1,17,3,8,5,2,4,32
SOL m=8 spokes=9,12,19,29,24,11,13,15 rims=1,4,2,14,17,18,3,7
SOL m=8 spokes=9,20,16,17,18,19,13,24 rims=1,3,11,21,2,8,7,5
SOL m=8 spokes=8,16,24,22,20,18,9,19 rims=1,4,11,3,10,2,21,6
SOL m=8 spokes=9,16,21,11,19,15,23,22 rims=1,3,10,8,17,12,2,5
SOL m=8 spokes=9,20,18,16,14,22,10,21 rims=1,5,3,4,29,15,2,11
SOL m=8 spokes=8,16,18,14,24,21,9,20 rims=1,6,4,15,28,3,2,11
SOL m=8 spokes=8,14,17,20,10,21,22,23 rims=1,3,12,19,7,2,11,5
SOL m=8 spokes=9,19,18,17,16,20,14,24 rims=1,4,2,10,3,8,7,21
SOL m=8 spokes=8,14,17,20,10,21,22,23 rims=1,3,16,15,11,2,7,5
SOL m=8 spokes=9,19,18,17,16,20,14,24 rims=1,10,3,2,4,8,7,21
SOL m=8 spokes=8,16,24,22,20,18,9,19 rims=1,6,21,2,3,10,4,11
SOL m=8 spokes=9,19,18,17,16,20,14,24 rims=1,12,3,2,6,4,7,21
SOL m=8 spokes=3,4,5,6,24,30,16,7 rims=1,25,14,18,23,15,2,42
m=8 n=9 t=44 tasks=63390 nodes=3771618 spoke_arrangements=279822 mod3_pass=279822 spoke_with_rim=1524 solutions=1653 time=0.84s threads=16
